provincia;comune;Ragione sociale;indirizzo;civico;destinazione;sup_coperta
AR;AREZZO;IMPIANTI SPORTIVI: PISCINA;DEL PANTANO;24;Impianto sportivo;0
AR;AREZZO;PARROCCHIA SANTA MARIA IN GRADI;VIA CHIASSAIA;18/22;pertinenza luogo di culto;999
AR;AREZZO;PREFETTURA DI AREZZO;PIAZZA POGGIO DEL SOLE;1;Ufficio aperto al pubblico;5000
AR;AREZZO;PARROCCHIA SAN MARCO ALLA SELLA;VIA ROMANA;;Magazzino;52
AR;AREZZO;IMPIANTI SPORTIVI: CAMPO CALCIO;PATRIGNONE;;Impianto sportivo;220
AR;AREZZO;IMPIANTI SPORTIVI: MICHELANGELO BUONARROTI;PIAZZA DEL POPOLO;6;Scuola;0
AR;AREZZO;CASA DI RIPOSO V. FOSSOMBRONI;P.TA FAENZI;2;casa di cura;2500
AR;BIBBIENA;POSTE ITALIANE S.p.A.;PIAZZA GUALCHIERE;21;Ufficio aperto al pubblico;222
AR;BIBBIENA;IMPIANTI SPORTIVI: BOCCIODROMO A.SASSOLI;PIAZZA RESISTENZA;1;Impianto sportivo;150
AR;BIBBIENA;baraclit spa;SS.71 LOCALITA' PIANACCI;19;SITO DISMESSO;
AR;BUCINE;POSTE ITALIANE S.p.A.;VIA XXV APRILE;1;Ufficio aperto al pubblico;125
AR;CAPOLONA;POSTE ITALIANE S.p.A.;VIA DANTE ALIGHIERI;10;Ufficio aperto al pubblico;196
AR;CASTEL FOCOGNANO;POSTE ITALIANE S.p.A.;VIA FIRENZE;1;Ufficio aperto al pubblico;222
AR;CASTEL SAN NICCOLO';COMUNE DI CASTEL SAN NICCOLO';PONTE DEL RIO;;Impianto sportivo;240
AR;CASTEL SAN NICCOLO';COMUNE DI CASTEL SAN NICCOLO';PONTE DEL RIO;;Magazzino;160
AR;CASTELFRANCO DI SOPRA;POSTE ITALIANE S.p.A.;VIA ARETINA;10;Ufficio aperto al pubblico;125
AR;CASTIGLION FIBOCCHI;POSTE ITALIANE S.p.A.;VIALE EUROPA;2;Ufficio aperto al pubblico;125
AR;CASTIGLION FIORENTINO;SADAM CASTIGLIONESE SPA;MANCIANO;68/H;IMPIANTO INDUSTRIALE;
AR;CHIUSI DELLA VERNA;COMUNE DI CHIUSI DELLA VERNA;EUROPA;48;Ufficio aperto al pubblico;220
AR;CHIUSI DELLA VERNA;ex sacci;LOC. CORSALONE STRADA REGIONALE 71;;SITO DISMESSO;
AR;CHIUSI DELLA VERNA;ISTITUTO SUORE TERZIARIE FRANCESCANE;COMUNALE DI VEZZANO;82;convento;580
AR;CIVITELLA IN VAL DI CHIANA;IMPIANTI SPORTIVI: CAMPO CALCIO;VIA DEL SEMBOLINO;4;Impianto sportivo;10000
AR;CORTONA;POSTE ITALIANE S.p.A.;VIA FOSSE ARDEATINE;16;Ufficio aperto al pubblico;125
AR;CORTONA;LA FERROVIARIA ITALIANA SPA SERVICE srl;S. EUSEBIO;16/A;Autorimessa;2897
AR;LATERINA;FORNACI BAGLIONI SRL;via valdascione;37;IMPIANTO INDUSTRIALE;
AR;LORO CIUFFENNA;POSTE ITALIANE S.p.A.;VIA GRUISSAN;;Ufficio aperto al pubblico;125
AR;LUCIGNANO;POSTE ITALIANE S.p.A.;VIA SENESE;2;Ufficio aperto al pubblico;196
AR;MONTEVARCHI;POSTE ITALIANE S.p.A.;VIA SANTE TANI;26;Ufficio aperto al pubblico;567
AR;MONTEVARCHI;POSTE ITALIANE S.p.A.;VIA VENEZIA;2;Ufficio aperto al pubblico;125
AR;MONTEVARCHI;IMPIANTI SPORTIVI: MAGIOTTI;G. MARCONI;7/A;Impianto sportivo;400
AR;MONTEVARCHI;"IMPIANTI SPORTIVI: CIRCOLO CULTURALE RICREATIVO PESTELLO";VIA MINCIO;44;Esercizio commerciale;500
AR;PERGINE VALDARNO;SCUOLA MEDIA PERGINE;VECCHIA ARETINA;;Impianto sportivo;10000
AR;PERGINE VALDARNO;SCUOLA MEDIA PERGINE;F.LLI BANDIERA;27;Scuola;300
AR;PERGINE VALDARNO;SCUOLA MEDIA PERGINE;VALLELUNGA;41;CENTRO SOCIO CULTURALE;400
AR;PERGINE VALDARNO;SCUOLA MEDIA PERGINE;PIAZZA DEL COMUNE;29;Ufficio aperto al pubblico;250
AR;PERGINE VALDARNO;SCUOLA MEDIA PERGINE;VIA CAVOUR;37;Scuola;1000
AR;PERGINE VALDARNO;SCUOLA MEDIA PERGINE;VIA CINECITTA';2;Scuola;1000
AR;PIAN DI SCO;COMUNE DI PIAN DI SCO;PIAZZA INDIPENDENZA;5;Magazzino;616
AR;PIAN DI SCO;COMUNE DI PIAN DI SCO;P.ZZA DEL MUNICIPIO;3;Ufficio aperto al pubblico;234.39
AR;POPPI;UFFICIO TERRITORIALE PER LA BIODIVERSITA';FANGACCI;2;alloggio e foresteria;0
AR;POPPI;UFFICIO TERRITORIALE PER LA BIODIVERSITA';NAZIONALE;14;alloggio di servizio;0
AR;POPPI;UFFICIO TERRITORIALE PER LA BIODIVERSITA';COTOZZO;;rifugio;24
AR;POPPI;UFFICIO TERRITORIALE PER LA BIODIVERSITA';RIFUGIO SECCHIETA;;rifugio;20
AR;POPPI;UFFICIO TERRITORIALE PER LA BIODIVERSITA';MONTANINO;;Condominio;140
AR;POPPI;UFFICIO TERRITORIALE PER LA BIODIVERSITA';FANGACCI;1;rifugio;0
AR;POPPI;UFFICIO TERRITORIALE PER LA BIODIVERSITA';MANDRIOLI;5;abitazione;0
AR;POPPI;UFFICIO TERRITORIALE PER LA BIODIVERSITA';METALETO;;Magazzino;32
AR;POPPI;UFFICIO TERRITORIALE PER LA BIODIVERSITA';FIUME D ISOLA;;alloggi di servizio;0
AR;POPPI;UFFICIO TERRITORIALE PER LA BIODIVERSITA';METALETO;;Condominio;170
AR;PRATOVECCHIO;UFFICIO TERRITORIALE PER LA BIODIVERSITA';PRATO ALLE COGNE;;Condominio;320
AR;SAN GIOVANNI VALDARNO;"COMUNE DI SAN GIOVANNI VALDARNO ASSESSORATO AI LAVORI PUBBLICI E SERVIZI TECNICI CANTIERE";VIA PONTE ALLE FORCHE;;Capannone industriale;500
AR;SAN GIOVANNI VALDARNO;TOSCANA ENERGIA SPA (ex TOSCANA GAS SPA);GADDA;;impianto di riduzione gas metano;90
AR;SAN GIOVANNI VALDARNO;PARROCCHIA SANTISSIMI PIETRO E PAOLO;VIA I MAGGIO;15;Luogo di culto;90
AR;SANSEPOLCRO;Direzione Didattica Statale Sansepolcro;LARGO MONS. LIEGRO;;Scuola;0
AR;SANSEPOLCRO;Direzione Didattica Statale Sansepolcro;PIAZZA SANTA CHIARA;5;Scuola;0
AR;SANSEPOLCRO;Direzione Didattica Statale Sansepolcro;VIA ANTONY CLARKE;;Scuola;0
AR;SANSEPOLCRO;Direzione Didattica Statale Sansepolcro;FRAZ. VANNOCCHIA, GRAGNANO;;Scuola;350
AR;SUBBIANO;POSTE ITALIANE S.p.A.;VIA DON LORENZO BOSCHI;3;Ufficio aperto al pubblico;196
AR;TERRANUOVA BRACCIOLINI;POSTE ITALIANE S.p.A.;VIALE EUROPA;45;Ufficio aperto al pubblico;297
FI;BAGNO A RIPOLI;Azienda Sanitaria Firenze;VIA DELL'ANTELLA - PONTE A NICCHERI;58;Ospedale/Casa di cura;0
FI;BAGNO A RIPOLI;Azienda Sanitaria Firenze;VIA POGGIO DELLA PIEVE;2;Servizio Igiene Pubblica;0
FI;BAGNO A RIPOLI;Azienda Sanitaria Firenze;VIA DELL'ANTELLA - PONTE A EMA;19;Distretto socio-sanitario;0
FI;BARBERINO DI MUGELLO;PREFETTURA DI FIRENZE;VIA VALIANO;31;Magazzino;3450
FI;BARBERINO VAL D'ELSA;IMPIANTI SPORTIVI: SCUOLA ELEMENTARE MEDIA;CASSIA;49;Impianto sportivo;222
FI;BARBERINO VAL D'ELSA;FONDERIA SAN MARTINO SRL;Via Verdi;2/4/6/8;IMPIANTO INDUSTRIALE;
FI;BORGO SAN LORENZO;POSTE ITALIANE S.p.A.;VIA SACCO E VANZETTI;;Ufficio aperto al pubblico;641
FI;BORGO SAN LORENZO;MUGELLO;STRADA COMUNALE LUCO RONTA;;Impianto sportivo;30
FI;BORGO SAN LORENZO;COMPAGNIA CARABINIERI;piazza a. gramsci;26;caserma cc;0
FI;BORGO SAN LORENZO;TOSCANA ENERGIA S.p.A.;VIALE PAPA GIOVANNI XXIII;32;Ufficio;750
FI;BORGO SAN LORENZO;Azienda Sanitaria Firenze;VIALE DELLA RESISTENZA;60;Ospedale/Casa di cura;0
FI;CAMPI BISENZIO;POSTE ITALIANE S.p.A.;VIA FERRUCCI;;Ufficio aperto al pubblico;337
FI;CAPRAIA E LIMITE;COMUNE DI CAPRAIA E LIMITE MAGAZZINO COMUNALE;VIA DELLE GINESTRE;14;Magazzino;1000
FI;CAPRAIA E LIMITE;ex cantieri di pisa alisei srl;VIA D. ALIGHIERI;;SITO DISMESSO;
FI;CASTELFIORENTINO;ex zuccherificio;LOC. GRANAIOLO;;SITO DISMESSO;
FI;CASTELFIORENTINO;IMPIANTI SPORTIVI: PALAZZETTO DELLO SPORT;VIALE F.D. ROOSEVELT;;Impianto sportivo;1386
FI;CASTELFIORENTINO;ex conceria fbc snc;LOC. RIMORTI;;SITO DISMESSO;
FI;CASTELFIORENTINO;ARMA CARABINIERI;via Niccoli;39;Ufficio aperto al pubblico;449.28
FI;CASTELFIORENTINO;TOSCANA ENERGIA SPA (ex TOSCANA GAS SPA);DEL PANTANO;;impianto di riduzione gas metano;95
FI;CASTELFIORENTINO;TOSCANA ENERGIA SPA (ex TOSCANA GAS SPA);S.P. 4 VOLTERRANA;;impianto di riduzione gas metano;70
FI;GRANAIOLO;ex pulp industria laterizi;VIA NICCOLI  granaiolo;380;SITO DISMESSO;
FI;CERRETO GUIDI;Comune di Cerreto Guidi;GAVONCHI;4;Impianto sportivo;700
FI;CERRETO GUIDI;Comune di Cerreto Guidi;VIA DEL LUPO;343/a;Impianto sportivo;90
FI;CERTALDO;ex fertilizzanti;VIA LAMA;;SITO DISMESSO;
FI;CERTALDO;laterizi certaldese srl;SS.429;;SITO DISMESSO;
FI;CERTALDO;COMUNE DI CERTALDO SALA CONSIGLIARE;2 GIUGNO;50;luogo di riunioni;305
FI;CERTALDO;TOSCANA ENERGIA SPA (ex TOSCANA GAS SPA);DEL TORRIONE;;impianto di riduzione gas metano;55
FI;CERTALDO;IMPIANTI SPORTIVI: CS COMUNALE;DON MINZONI;;Impianto sportivo;351
FI;CERTALDO;Comune di Certaldo;canonica;;Scuola;1500
FI;CERTALDO;Comune di Certaldo;via Don Sturzo;;Scuola;550
FI;CERTALDO;Comune di Certaldo;Piano;;Scuola;410
FI;CERTALDO;TOSCANA ENERGIA SPA (ex TOSCANA GAS SPA);MONTEBELLO;;impianto di riduzione gas metano;100
FI;CERTALDO;IMPIANTI SPORTIVI: PALASPORT;CANONICA;;Impianto industriale;715
FI;CERTALDO;IMPIANTI SPORTIVI: CS COMUNALE;DON MINZONI;;Impianto sportivo;686
FI;CERTALDO;IMPIANTI SPORTIVI: CS COMUNALE;DON MINZONI;;Impianto sportivo;643
FI;CERTALDO;IMPIANTI SPORTIVI: CS COMUNALE;DON MINZONI;;Impianto sportivo;15
FI;CERTALDO;COMUNE DI CERTALDO FARMACIA COMUNALE;2 GIUGNO;68;Esercizio commerciale;224
FI;EMPOLI;COMPAGNIA CARABINIERI;tripoli;30;civile abitazione;0
FI;EMPOLI;GESCO srl;VIA TRIPOLI;30;Condominio;0
FI;EMPOLI;CARTIERE ETRURIA;MOLIN NUOVO;28;IMPIANTO INDUSTRIALE;
FI;EMPOLI;ex vitrum snc;VIA PALARINI;;SITO DISMESSO;
FI;EMPOLI;ex distilleria saves;viale IV novembre;;SITO DISMESSO;
FI;EMPOLI;ex montevivo;VIA PRATIGNONE;;SITO DISMESSO;
FI;EMPOLI;ex coop. vetrai bufferia toscana;salaiola;;SITO DISMESSO;
FI;EMPOLI;UPGSP - UFFICIO DENUNCE;GRAMSCI;46;commissariato p.s.;0
FI;EMPOLI;IMPIANTI SPORTIVI: CIRCOLO TENNIS VILLANOVA;SOTTOPOGGIO PER SAN DONATO;92;Magazzino;50
FI;EMPOLI;TOSCANA ENERGIA SPA (ex TOSCANA GAS SPA);BRUNO BUOZZI;;gruppo di riduzione finale;15
FI;EMPOLI;TOSCANA ENERGIA SPA (ex TOSCANA GAS SPA);FARFALLA;;impianto di riduzione gas metano;40
FI;EMPOLI;TOSCANA ENERGIA SPA (ex TOSCANA GAS SPA);VAL D ELSA;;impianto di riduzione gas metano;110
FI;FIGLINE VALDARNO;GIORGIO VASARI;PIAZZA CADUTI DI PIAN D'ALBERO;;Scuola;0
FI;FIGLINE VALDARNO;Azienda Sanitaria Firenze;VIA GIOVANNI DA VERRAZZANO;1;Centro diurno;0
FI;FIGLINE VALDARNO;Azienda Sanitaria Firenze;VIA GIOVANNI DA VERRAZZANO;2;Distretto socio-sanitario;0
FI;FIRENZE;PROFESSIONALE;VIA PANCIATICHI;;Scuola;1500
FI;FIRENZE;SCUOLA MEDIA CALAMANDREI - ROSAI;VIA PANCIATICHI;73;Scuola;1706
FI;FIRENZE;SCUOLA MEDIA CALAMANDREI - ROSAI;VIA CIRCONDARIA;15;Scuola;3148
FI;FIRENZE;BIBLIOTECA MEDICEA LAURENZIANA;PIAZZA SAN LORENZO;9;Biblioteca;2823
FI;FIRENZE;Biblioteca Marucelliana;VIA CAVOUR;43/47;biblioteca;2030
FI;FIRENZE;Azienda Ospedaliero-Universitaria Careggi;viale Pieraccini;17;Ospedale/Casa di cura;0
FI;FIRENZE;Azienda Agricola Settemerli di Cosimo Savio;VIA VOLTERRANA;52;stalle/ricovero attrezzi part.1412 f.148;60
FI;FIRENZE;IMPIANTI SPORTIVI: CHIESA SANTI FIORENTINI;CENTOSTELLE;11;Luogo di culto;1000
FI;FIRENZE;PROVINCIALE DI FIRENZE;VIA DELL'AGNOLO;2;Ufficio aperto al pubblico;5200
FI;FIRENZE;IMPIANTI SPORTIVI: FLOG POGGETTO;M. MERCATI;24/B;Impianto sportivo;15.5
FI;FIRENZE;ISTITUTO MAGISTRALE PASCOLI;VIALE DON MINZONI;58;Scuola;0
FI;FIRENZE;COMUNE DI FIRENZE;DEL PONTORMO;90-92;Scuola;0
FI;FIRENZE;CASA CIRCONDARIALE MARIO GOZZINI;VIA G. MINERVINI;8R;Ufficio aperto al pubblico;0
FI;FIRENZE;PARROCCHIA SANTA MARIA A CINTOIA;VIA DEL SALETTO;9;Luogo di culto;2600
FI;FIRENZE;Azienda Ospedaliero-Universitaria Careggi;viale Pieraccini;17;Ospedale/Casa di cura;0
FI;FIRENZE;Azienda Ospedaliero-Universitaria Careggi;viale PIeraccini;17;Ospedale/Casa di cura;0
FI;FIRENZE;Azienda Ospedaliero-Universitaria Careggi;viale Pieraccini;17;Ospedale/Casa di cura;0
FI;FIRENZE;Azienda Ospedaliero-Universitaria Careggi;viale Pieraccini;17;Ospedale/Casa di cura;0
FI;FIRENZE;Azienda Ospedaliero-Universitaria Careggi;viale Pieraccini;17;Ospedale/Casa di cura;0
FI;FIRENZE;PARROCCHIA SAN MARCO VECCHIO;VIA FAENTINA;139;Magazzino;22
FI;FIRENZE;Azienda Ospedaliero-Universitaria Careggi;viale Pieraccini;17;Ospedale/Casa di cura;0
FI;FIRENZE;Azienda Ospedaliero-Universitaria Careggi;viale Pieraccini;17;Ospedale/Casa di cura;0
FI;FIRENZE;Azienda Ospedaliero-Universitaria Careggi;viale Pieraccini;17;Ospedale/Casa di cura;0
FI;FIRENZE;Azienda Ospedaliero-Universitaria Careggi;viale Pieraccini;17;Ospedale/Casa di cura;0
FI;FIRENZE;Azienda Ospedaliero-Universitaria Careggi;viale Pieraccini;17;Ospedale/Casa di cura;0
FI;FIRENZE;Azienda Ospedaliero-Universitaria Careggi;viale Pieraccini;17;Ospedale/Casa di cura;0
FI;FIRENZE;Azienda Ospedaliero-Universitaria Careggi;viale Pieraccini;17;Ospedale/Casa di cura;0
FI;FIRENZE;Azienda Ospedaliero-Universitaria Careggi;viale Pieraccini;17;Ospedale/Casa di cura;0
FI;FIRENZE;BIBLIOTECA MEDICEA LAURENZIANA;VIA FAENTINA;102;ex convento;1330
FI;FIRENZE;ARENA PALACONGRESSI VILLA VITTORIA;VIALE STROZZI;1;Cinema/teatro/spettacoli;25000
FI;FIRENZE;SEVES SPA (EX VETROARREDO SEDIVER SPA);REGINALDO GIULIANI;360;IMPIANTO INDUSTRIALE;
FI;FIRENZE;NUOVO PIGNONE SPA;via F. Matteucci;2;IMPIANTO INDUSTRIALE;
FI;FIRENZE;COMUNE DI FIRENZE;VIA DEI VESPUCCI;5/a;Impianto sportivo;0
FI;FIRENZE;COMUNE DI FIRENZE;LUNGARNO DEL TEMPIO;;Parco;0
FI;FIRENZE;COMUNE DI FIRENZE;VIALE POGGI;2;Parco;0
FI;FIRENZE;COMUNE DI FIRENZE;VIUZZO DELLA CAVALLA;1a;Scuola;0
FI;FIRENZE;COMUNE DI FIRENZE;VIA DELL'ARDIGLIONE;30/a;Scuola;0
FI;FIRENZE;COMUNE DI FIRENZE;PIAZZA PIER VETTORI;7/d;Scuola;0
FI;FIRENZE;COMUNE DI FIRENZE;VIALE GUIDONI;174;Ufficio aperto al pubblico;0
FI;FIRENZE;COMUNE DI FIRENZE;VIALE F. REDI;19;Ufficio aperto al pubblico;0
FI;FIRENZE;COMUNE DI FIRENZE;VIA MANNELLI;119;Ufficio aperto al pubblico;0
FI;FIRENZE;COMUNE DI FIRENZE;VIALE AERONAUTICA;8;Ufficio aperto al pubblico;0
FI;FIRENZE;SEVES SPA (EX VETROARREDO SEDIVER SPA);REGINALDO GIULIANI;360;IMPIANTO INDUSTRIALE;
FI;FIRENZE;arpat;PONTE ALLE MOSSE;211;edificio C- centrale termica;0
FI;FIRENZE;Azienda Sanitaria Firenze;VIALE CORSICA;4;Servizio Veterinaria;0
FI;FIRENZE;SEVES SPA (EX VETROARREDO SEDIVER SPA);REGINALDO GIULIANI;360;IMPIANTO INDUSTRIALE;
FI;FIRENZE;COMUNE DI FIRENZE;VIA DELL'ULIVO;4-6;Cinema/teatro/spettacoli;0
FI;FIRENZE;COMUNE DI FIRENZE;CORELLI;21;pavimento uffici e spogliatoi;0
FI;FIRENZE;COMUNE DI FIRENZE;VILLAMAGNA;41a;scuola calcio firenze sud;15
FI;FIRENZE;COMUNE DI FIRENZE;VIA PERFETTI RICASOLI;;Parco;0
FI;FIRENZE;COMUNE DI FIRENZE;VIALE GUIDONI;;Parco;0
FI;FIRENZE;COMUNE DI FIRENZE;VIA FORLANINI;;PArco;0
FI;FIRENZE;COMUNE DI FIRENZE;VIA FORLANINI;;PArco;0
FI;FIRENZE;COMUNE DI FIRENZE;VIALE VISARNO;;Ufficio aperto al pubblico;0
FI;FIRENZE;COMUNE DI FIRENZE;VIALE M. FANTI;5;Autorimessa;0
FI;FIRENZE;PROFESSIONALE;VIA DEL TERZOLLE;91;Scuola;6000
FI;FIRENZE;COMUNE DI FIRENZE;VIA DI UGNANO;17;laboratorio;0
FI;FIRENZE;COMUNE DI FIRENZE;VIALE GUIDONI;178/a;Magazzino;0
FI;FIRENZE;COMUNE DI FIRENZE;VIA DE' BALDOVINI;1;Magazzino;0
FI;FIRENZE;COMUNE DI FIRENZE;VIA ERBOSA;113;Magazzino;0
FI;FIRENZE;SEVES SPA (EX VETROARREDO SEDIVER SPA);REGINALDO GIULIANI;360;IMPIANTO INDUSTRIALE;
FI;FIRENZE;COMMISSIONE SINODALE PER LA DIACONIA;DE' SERRAGLI;49;casa per ferie;1930
FI;FIRENZE;arpat;PONTE ALLE MOSSE;211;edificio A;0
FI;FIRENZE;PROFESSIONALE;VIA PANCIATICHI;;Scuola;2000
FI;FIRENZE;Fondazione Teatro del Maggio Musicale Fiorentino;via Solferino;15;Cinema/teatro/spettacoli;23000
FI;FIRENZE;COMUNE DI FIRENZE;VIA SAN MINIATO;6;Ufficio;0
FI;FIRENZE;COMUNE DI FIRENZE;VIA CIRCONDARIA;;Ufficio;0
FI;FIRENZE;COMUNE DI FIRENZE;VIA NICOLODI;;Ufficio;0
FI;FIRENZE;Azienda Ospedaliero-Universitaria Careggi;viale Pieraccini;17;Ospedale/Casa di cura;0
FI;FIRENZE;ex oleificio nucci;VIA PISTOIESE, 318 FIRENZE;;SITO DISMESSO;
FI;FIRENZE;Azienda Ospedaliero-Universitaria Careggi;largo Palagi;1;Ospedale/Casa di cura;38000
FI;FIRENZE;Azienda Ospedaliero-Universitaria Careggi;viale Pieraccini;17;Ospedale/Casa di cura;0
FI;FIRENZE;COMUNE DI FIRENZE;LUNGARNO ALLE GRAZIE;22;canna fumaria;0
FI;FIRENZE;COMUNE DI FIRENZE;PIAZZA 1 MAGGIO;4;Ufficio;0
FI;FIRENZE;IMPIANTI SPORTIVI: TIRO A SEGNO NAZIONALE;PIAZZALE DELLE CASCINE;6;Impianto sportivo;0
FI;FIRENZE;SCUOLA ELEMENTARE DON LORENZO MILANI;PIAZZA DOLCI;1;Scuola;2520
FI;FIRENZE;OSPIZIO ISRAELITICO SAADUN;VIA CARDUCCI;11/B;CASA DI RIPOSO PER ANZIANI;2460
FI;FIRENZE;Congregazione delle Suore Oblate Ospitaliere;VIA SAN DOMENICO;46;Ospedale/Casa di cura;2189
FI;FIRENZE;PIO ISTITUTO SANT'ANNA;VIA FORTINI BENEDETTO;40;convento;3000
FI;FIRENZE;COMUNE DI FIRENZE;MASSAPAGANI;26;Ufficio;0
FI;FIRENZE;SCUOLA ELEMENTARE BALDUCCI;VIUZZO DELLA CAVALLA;;Scuola;0
FI;FIRENZE;ASSEMBLEE DI DIO IN ITALIA;VIA DI BROZZI;214/A;Luogo di culto;190
FI;FIRENZE;NUOVO PIGNONE SPA;via Perfetti Ricasoli;78;IMPIANTO INDUSTRIALE;
FI;FIRENZE;TOSCANA ENERGIA S.p.A.;PIAZZA E. MATTEI;3;Ufficio;1170
FI;FIRENZE;MUSEO ARCHEOLOGICO;VIA DELLA COLONNA;38;museo;4000
FI;FIRENZE;COMUNE DI FIRENZE;FARINI;12;Ufficio;0
FI;FIRENZE;COMUNE DI FIRENZE;VIA A. DEL CASTAGNO;3;Ufficio aperto al pubblico;0
FI;FIRENZE;COMUNE DI FIRENZE;DELL' ORIUOLO;31;Cinema/teatro/spettacoli;0
FI;FIRENZE;COMUNE DI FIRENZE;VIA DEL CIMITERO DEL PINO;1;Cimitero;0
FI;FIRENZE;COMUNE DI FIRENZE;VIA VAL D'OMBRONE;2-14;Condominio;0
FI;FIRENZE;COMUNE DI FIRENZE;VIA DE' BASSI;12;Laboratorio;0
FI;FIRENZE;COMUNE DI FIRENZE;VIA BRONZINO;;Condominio;0
FI;FIRENZE;COMUNE DI FIRENZE;VIALE MICHELANGELO;80;campeggio;0
FI;FIRENZE;COMUNE DI FIRENZE;VIA BOLOGNESE;449;Cimitero;0
FI;FIRENZE;COMUNE DI FIRENZE;VIA DI VILLAMAGNA;41;Cinema/teatro/spettacoli;0
FI;FIRENZE;COMUNE DI FIRENZE;PIAZZA ARTOM;1;Autorimessa;0
FI;FIRENZE;COMUNE DI FIRENZE;VIA PISANA;854/a;Ospedale/Casa di cura;0
FI;FIRENZE;COMUNE DI FIRENZE;R. GIULIANI;250;presidio socio-sanitario asl 10 firenze;70
FI;FIRENZE;COMUNE DI FIRENZE;VIA DELLA CHIESA;66;Ospedale/Casa di cura;0
FI;FIRENZE;COMUNE DI FIRENZE;VIALE GIANNOTTI;41;Scuola;0
FI;FIRENZE;COMUNE DI FIRENZE;VIALE G.B. MORGAGNI;22;Scuola;0
FI;FIRENZE;COMUNE DI FIRENZE;CAMPANIA;20;Scuola;150
FI;FIRENZE;COMUNE DI FIRENZE;VIA SANTA MARIA A CINTOIA;1/19;Biblioteca;0
FI;FIRENZE;COMUNE DI FIRENZE;VIA DEL PONTORMO;98;Scuola;0
FI;FIRENZE;COMUNE DI FIRENZE;A. CORSALI;3;Scuola;0
FI;FIRENZE;COMUNE DI FIRENZE;PANCIATICHI;73;Scuola;0
FI;FIRENZE;COMUNE DI FIRENZE;DI LEGNAIA;6/8;Scuola;0
FI;FIRENZE;COMUNE DI FIRENZE;MORGAGNI;32;Scuola;300
FI;FIRENZE;COMUNE DI FIRENZE;VIA PALAZZUOLO;10-12;Ufficio aperto al pubblico;0
FI;FIRENZE;COMUNE DI FIRENZE;VIA PERFETTI RICASOLI;74-76;Ufficio aperto al pubblico;0
FI;FIRENZE;COMUNE DI FIRENZE;VIA SANTA MONACA;37;Ufficio aperto al pubblico;0
FI;FIRENZE;COMUNE DI FIRENZE;PIAZZA DELLA CALZA;2;Ufficio;200
FI;FIRENZE;COMUNE DI FIRENZE;PIAZZALE DELLE CASCINE;12;Ufficio aperto al pubblico;0
FI;FIRENZE;COMUNE DI FIRENZE;ERBOSA;113;Ufficio;0
FI;FIRENZE;COMUNE DI FIRENZE;VIA B. FORTINI;37;Ufficio aperto al pubblico;0
FI;FIRENZE;Azienda Sanitaria Firenze;BORGO OGNISSANTI;20/22;Distretto socio-sanitario;0
FI;FIRENZE;SCUOLA ELEMENTARE MAMELI;VIA A. CORSALI;3;Scuola;150
FI;FIRENZE;Azienda Sanitaria Firenze;VIA REGINALDO GIULIANI;250;Distretto socio-sanitario;0
FI;FIRENZE;Azienda Sanitaria Firenze;VIA GABRIELE D'ANNUNZIO;29;Distretto socio-sanitario;0
FI;FIRENZE;COMUNE DI FIRENZE;VIA SANT'AGOSTINO;8;bagno comunale;0
FI;FIRENZE;COMUNE DI FIRENZE;VIA ISONZO;26/a;Impianto sportivo;0
FI;FIRENZE;COMUNE DI FIRENZE;PIAZZA CAVALIERI DI VITTORIO VENETO;11;Impianto sportivo;0
FI;FIRENZE;COMUNE DI FIRENZE;VIA ACCURSIO;;Impianto sportivo;0
FI;FIRENZE;COMUNE DI FIRENZE;PIAZZA ROSADI;5;Scuola;0
FI;FIRENZE;COMUNE DI FIRENZE;VIA JAHIER;15;Scuola;0
FI;FIRENZE;COMUNE DI FIRENZE;VIA DI MANTIGNANO;154;Scuola;0
FI;FIRENZE;COMUNE DI FIRENZE;VIA POLICARPO PETROCCHI;17;Scuola;0
FI;FIRENZE;COMUNE DI FIRENZE;VIA CORELLI;11;Scuola;0
FI;FIRENZE;COMUNE DI FIRENZE;E.R. DE MONTALVO;1;Scuola;0
FI;FIRENZE;COMUNE DI FIRENZE;MONTEVERDI;1/e;Scuola;0
FI;FIRENZE;COMUNE DI FIRENZE;VIA GIOTTO;4;Ufficio aperto al pubblico;0
FI;FIRENZE;COMUNE DI FIRENZE;VIA PIERLUIGI DA PALESTRINA;6;Ufficio aperto al pubblico;0
FI;FIRENZE;COMUNE DI FIRENZE;VIA MARCONI;18/20;Ufficio aperto al pubblico;0
FI;FIRENZE;COMUNE DI FIRENZE;VIA SENESE;208;Ufficio aperto al pubblico;0
FI;FIRENZE;COMUNE DI FIRENZE;PIAZZA ARTOM;17/18;Ufficio aperto al pubblico;0
FI;FIRENZE;DIREZIONE DIDATTICA CIRCOLO N. 15;VIA MINGHETTI;2;Scuola;0
FI;FIRENZE;DIREZIONE DIDATTICA CIRCOLO N. 15;VIA DELLA RIPA;14;Scuola;0
FI;FIRENZE;DIREZIONE DIDATTICA CIRCOLO N. 15;VIA DEL GUARLONE;54;Scuola;0
FI;FIRENZE;DIREZIONE DIDATTICA CIRCOLO N. 15;VIA D. DA SETTIGNANO;28/d;Scuola;0
FI;FIRENZE;COMUNE DI FIRENZE;VIALE CORSICA;4;Capannone industriale;0
FI;FIRENZE;Azienda Ospedaliero-Universitaria Careggi;viale Pieraccini;17;Ospedale/Casa di cura;0
FI;FIRENZE;COMUNE DI FIRENZE;DEL SALETTO;18;Scuola;0
FI;FIRENZE;COMUNE DI FIRENZE;VIALE UGO BASSI;24;Scuola;0
FI;FIRENZE;COMUNE DI FIRENZE;PIAZZA ALBERIGHI;3;Ufficio;0
FI;FIRENZE;COMUNE DI FIRENZE;VIA VILLAMAGNA;41;Condominio;0
FI;FIRENZE;COMUNE DI FIRENZE;VIA P. RICASOLI;74-76;Condominio;0
FI;FIRENZE;COMUNE DI FIRENZE;VIA BACCIO BANDINELLI;17;Condominio;0
FI;FIRENZE;COMUNE DI FIRENZE;VIA PANCIATICHI;60;Cimitero;0
FI;FIRENZE;COMUNE DI FIRENZE;PIAZZA SIGNORIA;1;tubazioni e cassone;0
FI;FIRENZE;COMUNE DI FIRENZE;DEL PODESTA';157;canna fumaria;0
FI;FIRENZE;COMUNE DI FIRENZE;VIA DI SAN SALVATORE A MONTE;;Cimitero;0
FI;FIRENZE;COMUNE DI FIRENZE;VIA SAN NICCOLO';89/a;Parco;0
FI;FIRENZE;COMUNE DI FIRENZE;VIA CHIANTIGIANA;28;Impianto sportivo;0
FI;FIRENZE;COMUNE DI FIRENZE;VIA DELLE GORE;60;Luogo di culto;0
FI;FIRENZE;COMUNE DI FIRENZE;PIAZZA SAN SALVI;3;Ospedale/Casa di cura;0
FI;FIRENZE;COMUNE DI FIRENZE;VIA DELL'ANCONELLA;3;Ospedale/Casa di cura;0
FI;FIRENZE;COMUNE DI FIRENZE;DELLA CHIESA;81;Scuola;0
FI;FIRENZE;COMUNE DI FIRENZE;DELLE CASINE;1;Scuola;0
FI;FIRENZE;COMUNE DI FIRENZE;VIA DI RIPOLI;18;Biblioteca;0
FI;FIRENZE;COMUNE DI FIRENZE;VIA TRIPOLI;34;Biblioteca;0
FI;FIRENZE;COMUNE DI FIRENZE;VIA PISANA;148;Scuola;0
FI;FIRENZE;COMUNE DI FIRENZE;DI PERETOLA;292;Scuola;0
FI;FIRENZE;COMUNE DI FIRENZE;G.L. SPONTINI;89;Scuola;0
FI;FIRENZE;COMUNE DI FIRENZE;VIA DELLE PANCHE;26;Scuola;0
FI;FIRENZE;COMUNE DI FIRENZE;F. MARTINI;29;Scuola;0
FI;FIRENZE;COMUNE DI FIRENZE;DEL SANSOVINO;33;Scuola;0
FI;FIRENZE;COMUNE DI FIRENZE;SIRTORI;58;Scuola;0
FI;FIRENZE;COMUNE DI FIRENZE;CAMBRAY DIGNY;3;Scuola;0
FI;FIRENZE;COMUNE DI FIRENZE;G. BUGIARDINI;25;Scuola;0
FI;FIRENZE;COMUNE DI FIRENZE;SER LAPO GAVACCIANI;2;Scuola;0
FI;FIRENZE;COMUNE DI FIRENZE;DEL LARIONE;33;Scuola;10
FI;FIRENZE;COMUNE DI FIRENZE;VIALE MAZZINI;82;Scuola;0
FI;FIRENZE;COMUNE DI FIRENZE;C. BINI;5/A;Ufficio;0
FI;FIRENZE;COMUNE DI FIRENZE;DI BROZZI;334;Ufficio;0
FI;FIRENZE;COMUNE DI FIRENZE;DEL TAGLIAMENTO;4;Ufficio;0
FI;FIRENZE;Regione Toscana;VIA DI NOVOLI;26;;0
FI;FIRENZE;COTTURA SETTIGNANO;VIA DESIDERIO DA SETTIGNANO;28/D;centro cottura;0
FI;FIRENZE;PARROCCHIA SS VITO E MODESTO A BELLOSGUARDO;PIAZZA SAN FRANCESCO DI PAOLA;6;Luogo di culto;0
FI;FIRENZE;INFRASTRUTTURE CIRCOLO DIDATTICO N. 14 CIRCOLO;VIA UGO BASSI;24;Scuola;0
FI;FIRENZE;COMUNE DI FIRENZE;VIA VILLAMAGNA;39;acquedotto;0
FI;FIRENZE;COMUNE DI FIRENZE;VIALE E. DE NICOLA;;Cantiere;0
FI;FIRENZE;COMUNE DI FIRENZE;VIA DELLE TORRI;31;annesso rurale;0
FI;FIRENZE;COMUNE DI FIRENZE;VIA DEI POZZI DI MANTIGNANO;;Laboratorio;0
FI;FIRENZE;COMUNE DI FIRENZE;VIA CIRCONDARIA;19;Capannone industriale;0
FI;FIRENZE;COMUNE DI FIRENZE;DELLE BAGNESE;4;residenza sociale assistita;0
FI;FIRENZE;COMUNE DI FIRENZE;VIA ASSISI;20;Ufficio;0
FI;FIRENZE;COMUNE DI FIRENZE;VIA SANTA MARIA A CINTOIA;3;Ufficio;0
FI;FIRENZE;COMUNE DI FIRENZE;VIA ANTONIO COCCHI;17;Ufficio;0
FI;FIRENZE;COMUNE DI FIRENZE;VIA DELL'ORIUOLO;33-35;Ufficio;0
FI;FIRENZE;COMUNE DI FIRENZE;DELLE PORTE SANTE;;dissuasori di sosta;0
FI;FIRENZE;COMUNE DI FIRENZE;VIALE G. POGGI;;dissuasori di sosta;0
FI;FIRENZE;TOSCANA ENERGIA S.p.A.;A. NOVELLI;;impianto di riduzione gas metano;10
FI;FIRENZE;TOSCANA ENERGIA S.p.A.;BOLOGNESE S. LUCIA;;impianto di riduzione gas metano;5
FI;FIRENZE;COMUNE DI FIRENZE;VIA PANCIATICHI;85/a;laboratorio;0
FI;FIRENZE;COMUNE DI FIRENZE;BOLOGNESE;17;vivaio;100
FI;FIRENZE;COMUNE DI FIRENZE;PIAZZA STROZZI;;cassoni deposito per l'acqua;0
FI;FIRENZE;COMUNE DI FIRENZE;PIAZZA DI PARTE GUELFA;3;canna fumaria;0
FI;FIRENZE;COMUNE DI FIRENZE;VIA BRONZINO;55;Ufficio;0
FI;FIRENZE;COMUNE DI FIRENZE;VIALE DELL'AERONAUTICA;;Ufficio;0
FI;FIRENZE;COMUNE DI FIRENZE;VIA ATTAVANTE;5;Ufficio;0
FI;FIRENZE;COMUNE DI FIRENZE;VIA JAHIER;;Ufficio;0
FI;FIRENZE;COMUNE DI FIRENZE;PIAZZA D'AZEGLIO;;Ufficio;0
FI;FIRENZE;COMUNE DI FIRENZE;GRAN BRETAGNA;58;Scuola;0
FI;FIRENZE;"B BLIOTECA DELL'ARCHIVIO DI STATO DI FIRENZEi";VIALE GIOVINE ITALIA;6;Ufficio aperto al pubblico;20
FI;FIRENZE;COMUNE DI FIRENZE;VIALE GIULIANO BUGIARDINI;43;Scuola;0
FI;FIRENZE;COMUNE DI FIRENZE;VIA DELLA CASELLA;110;Scuola;0
FI;FIRENZE;COMUNE DI FIRENZE;VIUZZO DELLE CALVANE;13;Ufficio;330
FI;FIRENZE;COMUNE DI FIRENZE;DELLA RIPA;14;Scuola;0
FI;FIRENZE;COMUNE DI FIRENZE;DEL GUARLONE;54n;Scuola;0
FI;FIRENZE;COMUNE DI FIRENZE;SVIZZERA;7;Scuola;0
FI;FIRENZE;COMUNE DI FIRENZE;SALVI CRISTIANI;3;Scuola;0
FI;FIRENZE;COMUNE DI FIRENZE;D. DA SETTIGNANO;28d;Scuola;0
FI;FIRENZE;COMUNE DI FIRENZE;DEI CARDATORI;3;Scuola;0
FI;FIRENZE;COMUNE DI FIRENZE;CIRCONDARIA;15;Scuola;0
FI;FIRENZE;Azienda Sanitaria Firenze;VIA DI SAN SALVI;12;Ufficio aperto al pubblico;0
FI;FIRENZE;COMUNE DI FIRENZE;VIA DESIDERIO DA SETTIGNANO;;Cimitero;0
FI;FIRENZE;COMUNE DI FIRENZE;SAN MINIATO;6;palestra s. niccolò;0
FI;FIRENZE;COMUNE DI FIRENZE;R. GIULIANI;180;Scuola;0
FI;FIRENZE;COMUNE DI FIRENZE;SENESE;109;Scuola;0
FI;FIRENZE;COMUNE DI FIRENZE;IX FEBBRAIO;18;Scuola;0
FI;FIRENZE;COMUNE DI FIRENZE;DEI BASSI;3;Scuola;0
FI;FIRENZE;COMUNE DI FIRENZE;BOLOGNESE;168;Scuola;0
FI;FIRENZE;COMUNE DI FIRENZE;PIAZZA SS. ANNUNZIATA;12;Scuola;0
FI;FIRENZE;COMUNE DI FIRENZE;VIA DELLE CASCINE;37;Scuola;0
FI;FIRENZE;COMUNE DI FIRENZE;L.A. DE BOSIS;41;Scuola;0
FI;FIRENZE;COMUNE DI FIRENZE;S.MARIA A CINTOIA;8;Scuola;0
FI;FIRENZE;COMUNE DI FIRENZE;DEGLI STEFANI;1;Scuola;0
FI;FIRENZE;COMUNE DI FIRENZE;S. BRUNONE;4;Scuola;0
FI;FIRENZE;COMUNE DI FIRENZE;SLATAPER;2;Ufficio;0
FI;FIRENZE;COMUNE DI FIRENZE;ISONZO;21;;0
FI;FIRENZE;COMUNE DI FIRENZE;CIRCONDARIA;19;Ufficio;0
FI;FIRENZE;COMUNE DI FIRENZE;PIAZZALE PORTA AL PRATO;6;Ufficio;0
FI;FIRENZE;COMUNE DI FIRENZE;DELLE CASCINE;9;Ufficio;0
FI;FIRENZE;COMUNE DI FIRENZE;DELL'ARCOVATA;2;Ufficio;0
FI;FIRENZUOLA;STAZIONE CARABINIERI;Via Giovanni XXIII;;Stazione carabinieri;1000
FI;FIRENZUOLA;COMPAGNIA CARABINIERI;viale giovanni XXIII;;stazione carabinieri;1000
FI;FUCECCHIO;PARROCCHIA SANTA MARIA DELLE VEDUTE;viale Carducci;46;Luogo di culto;280
FI;FUCECCHIO;PARROCCHIA SANTA MARIA DELLE VEDUTE;via Dante;1;Luogo di culto;8
FI;FUCECCHIO;TOSCANA ENERGIA SPA (ex TOSCANA GAS SPA);SANMINIATESE;;impianto di riduzione gas metano;60
FI;GREVE IN CHIANTI;POSTE ITALIANE S.p.A.;VIA GIUSEPPE DI VITTORIO;14;Ufficio aperto al pubblico;231
FI;GREVE IN CHIANTI;COMPAGNIA CARABINIERI;piazza emilio landi;16;Ufficio aperto al pubblico;0
FI;GREVE IN CHIANTI;ELEMENTARE LUCOLENA;VIA DI COLOGNOLE;;Sede operativa cantiere comunale;1280
FI;GREVE IN CHIANTI;TEATRO BOITO;VIALE ROSALIBRI;2;Cinema/teatro/spettacoli;500
FI;IMPRUNETA;Azienda Sanitaria Firenze;VIA PAPA GIOVANNI XXIII;4;Distretto socio-sanitario;0
FI;LASTRA A SIGNA;COMUNE DI LASTRA A SIGNA;LARGO SAINT FONS;;Impianto sportivo;1900
FI;MARRADI;IMPIANTI SPORTIVI: PISCINA COMUNALE;VIA DINO CAMPANA;42;Impianto sportivo;145
FI;MARRADI;SOCIETA ACQUEDOTTO VALLE DEL LAMONE SRL;VIA CHIUSIGNO;2;tettoia passerelle;7
FI;MARRADI;SOCIETA ACQUEDOTTO VALLE DEL LAMONE SRL;VIA CHIUSIGNO;2;Autorimessa;52.5
FI;MARRADI;Azienda Sanitaria Firenze;VIA DINO CAMPANA;1;Poliambulatorio;0
FI;MARRADI;HERA SPA;VIA  SAN ADRIANO;999;VASCHE PER RILANCIO IDRICO;0
FI;MARRADI;HERA SPA;ZONA INDUSTRIALE SAN ADRIANO;999;Impianto industriale;20
FI;MONTAIONE;D'ELSA. STORIA E IMMAGINI DEL SACRO MONTE DI SAN;VIALE V.DA FILICAIA;18;Ospedale/Casa di cura;3200
FI;MONTAIONE;D'ELSA. STORIA E IMMAGINI DEL SACRO MONTE DI SAN;G. PASCOLI;;Impianto sportivo;800
FI;MONTELUPO FIORENTINO;ex ceramiche corradini brogioni;LOC. SANMINIATELLO;;SITO DISMESSO;
FI;MONTELUPO FIORENTINO;ex artinvetro;VIA F.LLI CERVI;;SITO DISMESSO;
FI;MONTELUPO FIORENTINO;ex nivial;VIA GRAMSCI;;SITO DISMESSO;
FI;MONTELUPO FIORENTINO;area ex vetreria lux;LOC. TORRE;;SITO DISMESSO;
FI;MONTELUPO FIORENTINO;vetreria vas;VIA PAVESE, 12;12;SITO DISMESSO;
FI;MONTELUPO FIORENTINO;ex vetreria vae;VIA F.LLI CERVI;;SITO DISMESSO;
FI;MONTELUPO FIORENTINO;COMUNE DI MONTELUPO FIORENTINO;VIA CAVERNI (1819);163;Scuola;695
FI;MONTELUPO FIORENTINO;ex terrecotte manetti;VIA GRAMSCI;;SITO DISMESSO;
FI;MONTELUPO FIORENTINO;ex terrecotte f.lli lotti;VIA GRAMSCI;;SITO DISMESSO;
FI;MONTELUPO FIORENTINO;TOSCANA ENERGIA SPA (ex TOSCANA GAS SPA);B. BUOZZI;;impianto di riduzione gas metano;70
FI;MONTELUPO FIORENTINO;ex ceramiche mancioli;VIA CAVERNI;;SITO DISMESSO;
FI;MONTELUPO FIORENTINO;COMUNE DI MONTELUPO FIORENTINO;VIA DELLA PESA;;Magazzino;975
FI;PALAZZUOLO SUL SENIO;STAZIONE CARABINIERI;VIA DELLA FAGGIOLA;8;CASERMA CARABINIERI;0
FI;PELAGO;ARMA CARABINIERI;viale Rimembranza;2;Ufficio aperto al pubblico;240
FI;PELAGO;TOSCANA ENERGIA S.p.A.;DI VICANO;;impianto di riduzione gas metano;12
FI;PONTASSIEVE;COMUNE DI PONTASSIEVE;VIA DI DOCCIA;49;MONDO;300
FI;PONTASSIEVE;COMUNE DI PONTASSIEVE;VIALE DIAZ;54;Magazzino;830
FI;PONTASSIEVE;ex moggi luigi;PIANO PONTASSIEVE;;SITO DISMESSO;
FI;PONTASSIEVE;TOSCANA ENERGIA S.p.A.;VIALE HANOI;;Ufficio;150
FI;PONTASSIEVE;ex centauro;VIA DI ROSANO;4;SITO DISMESSO;
FI;PONTASSIEVE;Azienda Sanitaria Firenze;VIA PALAGI;38;Servizio Radiologico;0
FI;REGGELLO;S.I.M.S.SRL;Filarone di Reggello;;IMPIANTO INDUSTRIALE;
FI;REGGELLO;S.I.M.S.SRL;Filarone di Reggello;;IMPIANTO INDUSTRIALE;
FI;REGGELLO;S.I.M.S.SRL;Filarone di Reggello;;IMPIANTO INDUSTRIALE;
FI;REGGELLO;S.I.M.S.SRL;Filarone di Reggello;;IMPIANTO INDUSTRIALE;
FI;REGGELLO;S.I.M.S.SRL;Filarone di Reggello;;IMPIANTO INDUSTRIALE;
FI;REGGELLO;S.I.M.S.SRL;Filarone di Reggello;;IMPIANTO INDUSTRIALE;
FI;REGGELLO;S.I.M.S.SRL;Filarone di Reggello;;IMPIANTO INDUSTRIALE;
FI;REGGELLO;PARROCCHIA DI S. ANDREA APOSOLO A TOSI;PIAZZA INDIPENDENZA;11;Autorimessa;105
FI;REGGELLO;S.I.M.S.SRL;Filarone di Reggello;;IMPIANTO INDUSTRIALE;
FI;REGGELLO;S.I.M.S.SRL;Filarone di Reggello;;IMPIANTO INDUSTRIALE;
FI;REGGELLO;PARROCCHIA SANTA MARIA REGINA;VIA GIOVANNI XXIII;2;Luogo di culto;450
FI;REGGELLO;S.I.M.S.SRL;Filarone di Reggello;;IMPIANTO INDUSTRIALE;
FI;REGGELLO;S.I.M.S.SRL;Filarone di Reggello;;IMPIANTO INDUSTRIALE;
FI;REGGELLO;S.I.M.S.SRL;Filarone di Reggello;;IMPIANTO INDUSTRIALE;
FI;REGGELLO;S.I.M.S.SRL;Filarone di Reggello;;IMPIANTO INDUSTRIALE;
FI;SAN GODENZO;STAZIONE CARABINIERI;VICOLO DEL PARCO;2;Stazione Carabinieri;0
FI;SAN GODENZO;IMPIANTI SPORTIVI: CAMPO CALCETTO LA SALE;PIAZZA  MUNICIPIO;1;Ufficio aperto al pubblico;500
FI;SAN GODENZO;IMPIANTI SPORTIVI: CAMPO CALCETTO LA SALE;VIA FALTERONA;;Impianto sportivo;50
FI;SAN PIERO A SIEVE;POSTE ITALIANE S.p.A.;VIA DON GIOVANNI MINZONI;18;Ufficio aperto al pubblico;133
FI;SAN PIERO A SIEVE;TOSCANA ENERGIA S.p.A.;S.R. 65 DELLA FUTA PIAN BARUCCI;;impianto di riduzione gas metano;20
FI;SAN PIERO A SIEVE;PARROCCHIA SANTO STEFANO;S.STEFANO;1;Magazzino;12
FI;SCANDICCI;POSTE ITALIANE S.p.A.;VIA UMBERTO GIORDANO;;Ufficio aperto al pubblico;231
FI;SCANDICCI;IMPIANTI SPORTIVI: U.S. SPORTING ARNO;VIA SAN COLOMBANO;31/h;Impianto sportivo;250
FI;SCANDICCI;COLOMBANO;STAGNACCIO BASSO;7;rimessaggio cavalli;600
FI;SCANDICCI;Comune di Scandicci;VIA DELLE CORBINAIE;;Scuola;2450
FI;SCANDICCI;Comune di Scandicci;VIA DEL MOLIN NUOVO;;Scuola;1120
FI;SCANDICCI;Comune di Scandicci;VIA F. SASSETTI;;Scuola;3500
FI;SCANDICCI;Comune di Scandicci;VIA NERUDA;1;Scuola;2500
FI;SCANDICCI;Comune di Scandicci;VIA S. ALLENDE;;Scuola;4000
FI;SCANDICCI;Comune di Scandicci;PIAZZALE DELLA RESISTENZA;1;Palazzo Comunale;3070
FI;SCANDICCI;PARROCCHIA DI SAN LUCA AL VINGONE;PIAZZA BRUNELLESCHI;;Luogo di culto;220
FI;SCANDICCI;Comune di Scandicci;VIA RUGGERO LEONCAVALLO;2;Scuola;3000
FI;SCANDICCI;PARROCCHIA DI SANTA MARIA a SCANDICCI;VIA DI SCANDICCI ALTO;22;Luogo di culto;200
FI;SCARPERIA;TOSCANA ENERGIA S.p.A.;BERRETTA;;impianto di riduzione gas metano;45
FI;SCARPERIA;TOSCANA ENERGIA S.p.A.;TORRE;;impianto di riduzione gas metano;30
FI;SESTO FIORENTINO;POSTE ITALIANE S.p.A.;VIA DELL'OLMO;125;Ufficio aperto al pubblico;1339
FI;SESTO FIORENTINO;PARROCCHIA DI SANTA MARIA A QUINTO;VIA DI CASTELLO;27;orto;0
FI;SESTO FIORENTINO;PARROCCHIA SANTA MARIA A PADULE;PIAZZA SAN BARTOLOMEO;10;Magazzino;48
FI;SESTO FIORENTINO;Regione Toscana;VIA LUCCHESE;72;Ufficio;3000
FI;SIGNA;POSTE ITALIANE S.p.A.;STRADA STATALE PISTOIESE;;Ufficio aperto al pubblico;60
FI;SIGNA;POSTE ITALIANE S.p.A.;PIAZZA DELLE POSTE;39;Ufficio aperto al pubblico;231
FI;SIGNA;SCUOLA MEDIA ISTITUTO COMPRENSIVO SIGNA;XX SETTEMBRE;57;palestra;1000
FI;TAVARNELLE VAL DI PESA;Azienda Sanitaria Firenze;VIA BENEDETTO NALDINI;28;Distretto socio-sanitario;0
FI;TAVARNELLE VAL DI PESA;GRAMASTEDA;CELLINI;20;Magazzino;340
FI;VAGLIA;COMPAGNIA CARABINIERI;viale della stazione;8;Ufficio aperto al pubblico;660
FI;VAGLIA;TOSCANA ENERGIA S.p.A.;NARDI DA RAZZO;;impianto di riduzione gas metano;5
FI;VICCHIO;ARMA CARABINIERI;via della Repubblica;17/19;Ufficio aperto al pubblico;464.94
FI;VINCI;tribeca sas;VIA MERCATALE;;SITO DISMESSO;
FI;VINCI;autodemolizioni cioni silvano;LOC. PETROIO;;SITO DISMESSO;
FI;VINCI;INDUSTRIE BITOSSI SPA;Pietramarina;33;IMPIANTO INDUSTRIALE;
FI;VINCI;COLOROBBIA ITALIA SPA;Via Pietramarina;123;IMPIANTO INDUSTRIALE;
FI;VINCI;ex fornace di vinci;VIA MERCATALE;;SITO DISMESSO;
GR;ARCIDOSSO;(PROPRIETA' COMUNALE);LOC. AIOLE;;SITO DISMESSO;
GR;ARCIDOSSO;RETE AUTOMOBILISTICA MAREMMANA AMIATINA SPA;PARCO DONATORI DEL SANGUE;70;Impianto industriale;1050
GR;CASTEL DEL PIANO;POSTE ITALIANE S.p.A.;VIA SANTUCCI;6;Ufficio aperto al pubblico;196
GR;CASTELL'AZZARA;(PROPRIETA' COMUNALE);LOC. MORONE;;SITO DISMESSO;
GR;CASTIGLIONE DELLA PESCAIA;POSTE ITALIANE S.p.A.;VIA GIUSEPPE PAOLINI;4;Ufficio aperto al pubblico;350
GR;CASTIGLIONE DELLA PESCAIA;LAVORI PUBBLICI;V.LE KENNEDY;;Scuola;0
GR;FOLLONICA;POSTE ITALIANE S.p.A.;VIA SAN GOLINO;1;Ufficio aperto al pubblico;818
GR;FOLLONICA;FOLLONICA - INDIRIZZI DI STUDI: ISTITUTO TECNICO;VIALE EUROPA;1;Scuola;1990
GR;FOLLONICA;IMPIANTI SPORTIVI: IPPODROMO DEI PINI;VIA MASSETANA;;ippodromo;0
GR;FOLLONICA;UFFICIO TERRITORIALE PER LA BIODIVERSITA';BICOCCHI;2;LOCALI AD USO BAGNI SCUOLA;41
GR;FOLLONICA;IMPIANTI SPORTIVI: CLUB NAUTICO - C.P. 169;VIALE ITALIA;;Impianto sportivo;102.81
GR;FOLLONICA;UFFICIO TERRITORIALE PER LA BIODIVERSITA';BICOCCHI;2;FALEGNAMERIA;202
GR;FOLLONICA;UFFICIO TERRITORIALE PER LA BIODIVERSITA';BICOCCHI;2;0fficina;138
GR;FOLLONICA;ATM SPA;DELL' INDUSTRIA;44;Autorimessa;300
GR;FOLLONICA;Gruppo Dilettantistico Vela L.N.I.;VIALE ITALIA;203;sede circolo velico;100
GR;FOLLONICA;CIRCOLO DIDATTICO DI FOLLONICA;VARSAVIA;5;Scuola;2858
GR;GAVORRANO;COMUNE DI GAVORRANO;GAVORRANO;5;centro sociale;298
GR;GAVORRANO;COMUNE DI GAVORRANO;ROMA RAVI;;Cinema/teatro/spettacoli;470
GR;GAVORRANO;COMUNE DI GAVORRANO;MORANDI BAGNO DI GAVORRANO;2;Impianto sportivo;27500
GR;GAVORRANO;COMUNE DI GAVORRANO;DELLA PALESTRA;;W.C. PUBBLICI;60
GR;GAVORRANO;COMUNE DI GAVORRANO;CURIEL BAGNO DI GAVORRANO;6;centrogiovani;370
GR;GAVORRANO;COMUNE DI GAVORRANO;DI GAVORRANO;20;Impianto sportivo;2470
GR;GAVORRANO;COMUNE DI GAVORRANO;PIAZZA BUOZZI;16;Ufficio aperto al pubblico;1070
GR;GAVORRANO;COMUNE DI GAVORRANO;OMBRONE POTASSA;7;centro sociale-ambulatorio;170
GR;GAVORRANO;COMUNE DI GAVORRANO;GIUSTI;38;centro sociale-ambulatorio;115
GR;GAVORRANO;COMUNE DI GAVORRANO;PIAZZA XXIV MAGGIO;1;Ufficio aperto al pubblico;273
GR;GAVORRANO;COMUNE DI GAVORRANO;DELLA FINORIA;;Impianto sportivo;45
GR;GAVORRANO;COMUNE DI GAVORRANO;NENNI;2;Scuola;340
GR;GAVORRANO;COMUNE DI GAVORRANO;MATTEOTTI;20;Cinema/teatro/spettacoli;550
GR;GAVORRANO;SCUOLA MEDIA G. BANDI;DELLE SCUOLE;14;Scuola;2220
GR;GROSSETO;RETE AUTOMOBILISTICA MAREMMANA AMIATINA SPA;VIA TOPAZIO;12;Impianto industriale;3760
GR;GROSSETO;arpat;FIUME;35;uffici e laboratori;0
GR;GROSSETO;SAN LORENZO LATERIZI SRL;SCANSANESE;202;IMPIANTO INDUSTRIALE;
GR;GROSSETO;ISTITUTO TECNICO COMMERCIALE;VIA SICILIA;45;Scuola;0
GR;GROSSETO;PARROCCHIA DEL SACRO CUORE;PIAZZA GALEAZZI;1;Luogo di culto;0
GR;ISOLA DEL GIGLIO;COMUNE DI ISOLA DEL GIGLIO;VIA DELLA CISTERNA;1;Magazzino;26
GR;ISOLA DEL GIGLIO;COMUNE DI ISOLA DEL GIGLIO;VIA TRENTO;2;EDIFICIO DEMOLITO EX SCUOLA;50
GR;ISOLA DEL GIGLIO;COMUNE DI ISOLA DEL GIGLIO;CAMPESE;1;Ufficio aperto al pubblico;85
GR;MAGLIANO IN TOSCANA;STAZIONE CARABINIERI;VIA IV NOVEMBRE;12;Ufficio aperto al pubblico;300
GR;MASSA MARITTIMA;UFFICIO TERRITORIALE PER LA BIODIVERSITA';DARIO;;TETTOIA PER CAPRE;118
GR;MASSA MARITTIMA;ISTITUTO TECNICO INDUSTRIALE B. LOTTI;VIA MARTIRI DELLA NICCIOLETA;1;Scuola;0
GR;MASSA MARITTIMA;UFFICIO TERRITORIALE PER LA BIODIVERSITA';DARIO;;PORCILAIA;780
GR;MASSA MARITTIMA;UFFICIO TERRITORIALE PER LA BIODIVERSITA';DARIO;;PORCILAIA;702
GR;MASSA MARITTIMA;UFFICIO TERRITORIALE PER LA BIODIVERSITA';DARIO;;PORCILAIA;76
GR;MASSA MARITTIMA;UFFICIO TERRITORIALE PER LA BIODIVERSITA';DARIO;;MANGIMIFICIO;231
GR;MASSA MARITTIMA;UFFICIO TERRITORIALE PER LA BIODIVERSITA';MARSILIANA;;STALLA PER BOVINI;3895
GR;MASSA MARITTIMA;UFFICIO TERRITORIALE PER LA BIODIVERSITA';MARSILIANA;;OFFICINA MECCANICA;141
GR;MASSA MARITTIMA;UFFICIO TERRITORIALE PER LA BIODIVERSITA';MARSILIANA;;TETTOIA;170
GR;MASSA MARITTIMA;UFFICIO TERRITORIALE PER LA BIODIVERSITA';MARSILIANA;;TORRETTA BELVEDERE;30
GR;MASSA MARITTIMA;UFFICIO TERRITORIALE PER LA BIODIVERSITA';IMPOSTO DI CAFAGGIOLO;;Magazzino;86
GR;MASSA MARITTIMA;PENSIONATO SAN GIUSEPPE;VIALE GRAMSCI;7;abitazione;53
GR;MONTE ARGENTARIO;POSTE ITALIANE S.p.A.;VIA CAMPAGNATICO;1;Ufficio aperto al pubblico;222
GR;MONTEROTONDO MARITTIMO;Enel - Unit‡ territoriale di Lago;S. Edoardo 2 - Limite conc.;;IMPIANTO GEOTERMIA;
GR;MONTEROTONDO MARITTIMO;Enel - Unit‡ territoriale di Lago;Nodo 4 - Nodo 5;;IMPIANTO GEOTERMIA;
GR;MONTEROTONDO MARITTIMO;Enel - Unit‡ territoriale di Lago;Nodo 15 - Nodo 16;;IMPIANTO GEOTERMIA;
GR;MONTEROTONDO MARITTIMO;Enel - Unit‡ territoriale di Lago;Diga 3 - Nodo 6;;IMPIANTO GEOTERMIA;
GR;MONTEROTONDO MARITTIMO;Enel - Unit‡ territoriale di Lago;Monterot. 21 - Nodo 4;;IMPIANTO GEOTERMIA;
GR;MONTEROTONDO MARITTIMO;Enel - Unit‡ territoriale di Lago;Nodo 3 - Nodo 4;;IMPIANTO GEOTERMIA;
GR;MONTEROTONDO MARITTIMO;Enel - Unit‡ territoriale di Lago;Nodo 1 - Nodo 2;;IMPIANTO GEOTERMIA;
GR;MONTEROTONDO MARITTIMO;Enel - Unit‡ territoriale di Lago;lago 3 - nodo 3;;IMPIANTO GEOTERMIA;
GR;MONTEROTONDO MARITTIMO;Enel - Unit‡ territoriale di Lago;Lago 128 - Nodo 7;;IMPIANTO GEOTERMIA;
GR;MONTEROTONDO MARITTIMO;Enel - Unit‡ territoriale di Lago;S.Edoardo 1 - Nodo 2;;IMPIANTO GEOTERMIA;
GR;MONTEROTONDO MARITTIMO;Enel - Unit‡ territoriale di Lago;Lago 127 - Nodo 6;;IMPIANTO GEOTERMIA;
GR;MONTEROTONDO MARITTIMO;Enel - Unit‡ territoriale di Lago;Diga - Nodo 5;;IMPIANTO GEOTERMIA;
GR;MONTEROTONDO MARITTIMO;Enel - Unit‡ territoriale di Lago;Tassinaie - Nodo 4;;IMPIANTO GEOTERMIA;
GR;MONTEROTONDO MARITTIMO;Enel - Unit‡ territoriale di Lago;Convento - Nodo 3;;IMPIANTO GEOTERMIA;
GR;MONTEROTONDO MARITTIMO;Enel - Unit‡ territoriale di Lago;Nodo 7 - Nodo 88;;IMPIANTO GEOTERMIA;
GR;MONTEROTONDO MARITTIMO;Enel - Unit‡ territoriale di Lago;Nodo 2 - Limite concess.;;IMPIANTO GEOTERMIA;
GR;MONTEROTONDO MARITTIMO;Enel - Unit‡ territoriale di Lago;Nodo 5 - Nodo 6;;IMPIANTO GEOTERMIA;
GR;MONTEROTONDO MARITTIMO;Enel - Unit‡ territoriale di Lago;Fattoria 1 - Nodo 2;;IMPIANTO GEOTERMIA;
GR;MONTEROTONDO MARITTIMO;Enel - Unit‡ territoriale di Lago;Limite conc. - Nodo 1 parte 2;;IMPIANTO GEOTERMIA;
GR;MONTEROTONDO MARITTIMO;Enel - Unit‡ territoriale di Lago;Limite conc. - Nodo 1 parte 1;;IMPIANTO GEOTERMIA;
GR;MONTEROTONDO MARITTIMO;Enel - Unit‡ territoriale di Lago;Lago 7 - Nodo 15;;IMPIANTO GEOTERMIA;
GR;MONTEROTONDO MARITTIMO;Enel - Unit‡ territoriale di Lago;Nodo 6 - Nodo 7;;IMPIANTO GEOTERMIA;
GR;ORBETELLO;RETE AUTOMOBILISTICA MAREMMANA AMIATINA SPA;SCALO;;Impianto industriale;1250
GR;ORBETELLO;POSTE ITALIANE S.p.A.;VIA PIETRO ALDI;30;Ufficio aperto al pubblico;125
GR;PITIGLIANO;IMPIANTI SPORTIVI: PISCINA COMUNALE;CASONE;;CENTRO SOCIALE;420
GR;PITIGLIANO;IMPIANTI SPORTIVI: PISCINA COMUNALE;IL PIANO;;Magazzino;560
GR;PITIGLIANO;POSTE ITALIANE S.p.A.;VIA BRUSCALUPI;1;Ufficio aperto al pubblico;222
GR;PITIGLIANO;IMPIANTI SPORTIVI: PISCINA COMUNALE;VALLE ORIENTINA;;Impianto sportivo;850
GR;POMARANCE;Enel - Unit‡ territoriale di Lago;Querciola 1 - Nodo 32 bis;;IMPIANTO GEOTERMIA;
GR;ROCCASTRADA;UFFICIO TERRITORIALE PER LA BIODIVERSITA';CASA NUOVA;;PENSILINA STALLA VECCHIA;39
GR;ROCCASTRADA;UFFICIO TERRITORIALE PER LA BIODIVERSITA';CASA NUOVA;;STALLA PER EQUINI;684
GR;ROCCASTRADA;UFFICIO TERRITORIALE PER LA BIODIVERSITA';CASA NUOVA;;PENSILINE STALLA TOSI;82
GR;SANTA FIORA;STAZIONE CARABINIERI;VIA AMIATA;22;caserma carbinieri;285
GR;SCANSANO;POSTE ITALIANE S.p.A.;VIA DIAZ;24;Ufficio aperto al pubblico;196
GR;SCARLINO;UFFICIO TERRITORIALE PER LA BIODIVERSITA';PINETA DI LEVANTE;;Luogo di culto;39
GR;SCARLINO;Tioxide Europe srl;Casone;;IMPIANTO INDUSTRIALE GEN;
GR;SCARLINO;Tioxide Europe srl;Casone;;IMPIANTO INDUSTRIALE GEN;
GR;SCARLINO;NUOVA SOLMINE SPA;casone;;IMPIANTO INDUSTRIALE;
GR;SCARLINO;NUOVA SOLMINE SPA;Casone;;IMPIANTO INDUSTRIALE;
GR;SCARLINO;NUOVA SOLMINE SPA;Casone;;IMPIANTO INDUSTRIALE;
GR;SCARLINO;Tioxide Europe srl;Casone;;IMPIANTO INDUSTRIALE GEN;
GR;SCARLINO;Tioxide Europe srl;Casone;;IMPIANTO INDUSTRIALE GEN;
GR;SCARLINO;Tioxide Europe srl;Casone;;IMPIANTO INDUSTRIALE GEN;
GR;SCARLINO;Tioxide Europe srl;Casone;;IMPIANTO INDUSTRIALE GEN;
GR;SCARLINO;Tioxide Europe srl;Casone;;IMPIANTO INDUSTRIALE GEN;
GR;SCARLINO;Tioxide Europe srl;Casone;;IMPIANTO INDUSTRIALE GEN;
GR;SCARLINO;NUOVA SOLMINE SPA;Casone;;IMPIANTO INDUSTRIALE;
GR;SCARLINO;NUOVA SOLMINE SPA;Casone;;IMPIANTO INDUSTRIALE;
GR;SCARLINO;Tioxide Europe srl;Casone;;IMPIANTO INDUSTRIALE GEN;
GR;SCARLINO;Tioxide Europe srl;Casone;;IMPIANTO INDUSTRIALE GEN;
GR;SCARLINO;Tioxide Europe srl;Casone;;IMPIANTO INDUSTRIALE GEN;
GR;SCARLINO;Tioxide Europe srl;Casone;;IMPIANTO INDUSTRIALE GEN;
GR;SCARLINO;Tioxide Europe srl;Casone;;IMPIANTO INDUSTRIALE GEN;
GR;SCARLINO;Tioxide Europe srl;Casone;;IMPIANTO INDUSTRIALE GEN;
GR;SCARLINO;Tioxide Europe srl;Casone;;IMPIANTO INDUSTRIALE GEN;
GR;SCARLINO;Tioxide Europe srl;Casone;;IMPIANTO INDUSTRIALE GEN;
GR;SCARLINO;Tioxide Europe srl;Casone;;IMPIANTO INDUSTRIALE GEN;
GR;SCARLINO;Tioxide Europe srl;Casone;;IMPIANTO INDUSTRIALE GEN;
GR;SCARLINO;Tioxide Europe srl;Casone;;IMPIANTO INDUSTRIALE GEN;
LI;BIBBONA;COMUNE DI BIBBONA;VIA S. ROCCO;;Scuola;0
LI;BIBBONA;COMUNE DI BIBBONA;PIAZZA L. DA VINCI;;Scuola;0
LI;BIBBONA;COMUNE DI BIBBONA;VIA DELLE MIMOSE;4;centro sociale;615
LI;BIBBONA;COMUNE DI BIBBONA;VIA II GIUGNO;;Ufficio aperto al pubblico;200
LI;BIBBONA;RFI S.P.A. - UNITA' TERRITORIALE LIVORNO;della stazione;;casa cantoniera, km 279+991;122
LI;BIBBONA;Le Capanne s.r.l.;VIA AURELIA KM 273;km273;Esercizio commerciale;248
LI;CAMPIGLIA MARITTIMA;POSTE ITALIANE S.p.A.;VIA LABRIOLA;1;Ufficio aperto al pubblico;307
LI;CAMPIGLIA MARITTIMA;POSTE ITALIANE S.p.A.;VIA VENETO;10;Ufficio aperto al pubblico;143
LI;CAMPIGLIA MARITTIMA;PARCO ARCHEOMINERARIO DI SAN SILVESTRO;DEL TEMPERINO;6;edificio industriale abbandonato;30
LI;CAMPO NELL'ELBA;Gest. AL. srl;VIALE DEGLI ETRUSCHI;333;;1200
LI;CAMPO NELL'ELBA;POSTE ITALIANE S.p.A.;CAMPO;19;Ufficio aperto al pubblico;58
LI;CASTAGNETO CARDUCCI;POSTE ITALIANE S.p.A.;VIA PIAVE;9;Ufficio aperto al pubblico;188
LI;CASTAGNETO CARDUCCI;RFI S.P.A. - UNITA' TERRITORIALE LIVORNO;STAZIONE DI BOLGHERI;;SERBATOI ACQUA DISTILLATA;0
LI;CASTAGNETO CARDUCCI;Le Pianacce s.r.l.;LE PIANACCE;;Esercizio commerciale;35
LI;CECINA;zuccherificio;VIA GINORI;;SITO DISMESSO;
LI;CECINA;RFI S.P.A. - UNITA' TERRITORIALE LIVORNO;STAZIONE DI CECINA;;Bocciodromo DLF;0
LI;CECINA;CASA MAFFI;AURELIA NORD;7;Ospedale/Casa di cura;315
LI;CECINA;I.S.I.S. Marco Polo - C. Cattaneo;MARRUCCI;8;Scuola;0
LI;CECINA;RFI S.P.A. - UNITA' TERRITORIALE LIVORNO;STAZIONE DI CECINA;;deposito materiali;25
LI;CECINA;NENCINI LATERIZI SPA;SALAIOLA;28;IMPIANTO INDUSTRIALE;
LI;CECINA;RFI S.P.A. - UNITA' TERRITORIALE LIVORNO;STAZIONE DI CECINA;;POSTO DI GUARDIA IS;0
LI;CECINA;RFI S.P.A. - UNITA' TERRITORIALE LIVORNO;STAZIONE DI CECINA;;Magazzino;0
LI;COLLESALVETTI;POSTE ITALIANE S.p.A.;VIA MARX;11;Ufficio aperto al pubblico;222
LI;COLLESALVETTI;La Toscana Impianti;via aurelia;7;IMPIANTO INDUSTRIALE GEN;
LI;COLLESALVETTI;OMI srl;via Aurelia;7;IMPIANTO INDUSTRIALE GEN;
LI;COLLESALVETTI;PROVINCIA DI LIVORNO;PARRANA-S. GIUSTO;;Capannone industriale;0
LI;COLLESALVETTI;ENI SPA Div. R&M Raffineria di Livorno;via Aurelia;7;IMPIANTO INDUSTRIALE;
LI;COLLESALVETTI;ENI SPA Div. R&M Raffineria di Livorno;via Aurelia;7;IMPIANTO INDUSTRIALE;
LI;COLLESALVETTI;ENI SPA Div. R&M Raffineria di Livorno;via Aurelia;7;IMPIANTO INDUSTRIALE;
LI;COLLESALVETTI;ENI SPA Div. R&M Raffineria di Livorno;via Aurelia;7;IMPIANTO INDUSTRIALE;
LI;COLLESALVETTI;ENI SPA Div. R&M Raffineria di Livorno;via Aurelia;7;IMPIANTO INDUSTRIALE;
LI;LIVORNO;DOW ITALIA srl;via Galvani;34;IMPIANTO INDUSTRIALE;
LI;LIVORNO;RFI S.P.A. - UNITA' TERRITORIALE LIVORNO;via masi;8;caserma POLFER;250
LI;LIVORNO;INFERMIERE DELL'ADDOLORATA;BORGO S. JACOPO;;;0
LI;LIVORNO;POSTE ITALIANE S.p.A.;VIA DEL MARE;85;Ufficio aperto al pubblico;116
LI;LIVORNO;POSTE ITALIANE S.p.A.;VIA DEL LITORALE - QUERCIANELLA;332/A;Ufficio aperto al pubblico;56
LI;LIVORNO;ASD ANTIGNANO CALCIO;VIA SERNESI;10;Impianto sportivo;0
LI;LIVORNO;PROVINCIA DI LIVORNO;GARZELLI;11;Ufficio aperto al pubblico;900
LI;LIVORNO;arpat;marradi;114;edificio per uffici e laboratori;0
LI;LIVORNO;D.O.C. Livorno SpA;via L. Da Vinci;37;IMPIANTO INDUSTRIALE;
LI;LIVORNO;PROVINCIA DI LIVORNO;SCALI DELLE PIETRE;21;Autorimessa;410
LI;LIVORNO;raffineria eni;LOC. STAGNO.;;SITO DISMESSO;
LI;LIVORNO;REGIONE TOSCANA - SETTORE URTAT LIVORNO;VIA NARDINI;31;Ufficio aperto al pubblico;600
LI;LIVORNO;enel;VIA SALVATORE ORLANDO;;SITO DISMESSO;
LI;MARCIANA;POSTE ITALIANE S.p.A.;CORSO PROCCHIO;;Ufficio aperto al pubblico;58
LI;MARCIANA;POSTE ITALIANE - UFFICIO PROCCHIO;SPARTAIA;;;10
LI;MARCIANA MARINA;CAPITANERIA DI PORTO UFFICIO LOCALE MARITTIMO;P.LE AMMIRAGLIO BERNOTTI;2;Ufficio aperto al pubblico;80
LI;PIOMBINO;PARROCCHIA SANTA MARIA DEL ROSARIO;borgata Cotone;2;Magazzino;55
LI;PIOMBINO;LUCCHINI SIDERURGICA;viale Resistenza;2;IMPIANTO INDUSTRIALE;
LI;PIOMBINO;PARROCCHIA SANT'ANTIMO;VIA XX SETTEMBRE;15;oratorio;0
LI;PIOMBINO;LUCCHINI SIDERURGICA;viale Resistenza;2;IMPIANTO INDUSTRIALE;
LI;PIOMBINO;LUCCHINI SIDERURGICA;viale Resistenza;2;IMPIANTO INDUSTRIALE;
LI;PIOMBINO;LUCCHINI SIDERURGICA;viale Resistenza;2;IMPIANTO INDUSTRIALE;
LI;PIOMBINO;LUCCHINI SIDERURGICA;viale Resistenza;2;IMPIANTO INDUSTRIALE;
LI;PIOMBINO;LUCCHINI SIDERURGICA;viale Resistenza;2;IMPIANTO INDUSTRIALE;
LI;PIOMBINO;LUCCHINI SIDERURGICA;viale Resistenza;2;IMPIANTO INDUSTRIALE;
LI;PIOMBINO;LUCCHINI SIDERURGICA;viale Resistenza;2;IMPIANTO INDUSTRIALE;
LI;PIOMBINO;LUCCHINI SIDERURGICA;viale Resistenza;2;IMPIANTO INDUSTRIALE;
LI;PIOMBINO;LUCCHINI SIDERURGICA;viale Resistenza;2;IMPIANTO INDUSTRIALE;
LI;PIOMBINO;LUCCHINI SIDERURGICA;viale Resistenza;2;IMPIANTO INDUSTRIALE;
LI;PIOMBINO;LUCCHINI SIDERURGICA;viale Resistenza;2;IMPIANTO INDUSTRIALE;
LI;PIOMBINO;LUCCHINI SIDERURGICA;viale Resistenza;2;IMPIANTO INDUSTRIALE;
LI;PIOMBINO;SCUOLA ELEMENTARE DANTE ALIGHIERI;PIAZZA DANTE ALIGHIERI;1;Scuola;0
LI;PIOMBINO;DALMINE SPA;Ischia di Crociano;;IMPIANTO INDUSTRIALE;
LI;PIOMBINO;POSTE ITALIANE S.p.A.;VIA VOLTA;26;Ufficio aperto al pubblico;700
LI;PIOMBINO;POSTE ITALIANE S.p.A.;VIALE ETRURIA;72;Ufficio aperto al pubblico;53
LI;PIOMBINO;LUCCHINI SIDERURGICA;viale Resistenza;2;IMPIANTO INDUSTRIALE;
LI;PIOMBINO;LUCCHINI SIDERURGICA;viale Resistenza;2;IMPIANTO INDUSTRIALE;
LI;PIOMBINO;LUCCHINI SIDERURGICA;viale Resistenza;2;IMPIANTO INDUSTRIALE;
LI;PIOMBINO;LUCCHINI SIDERURGICA;viale Resistenza;2;IMPIANTO INDUSTRIALE;
LI;PIOMBINO;LUCCHINI SIDERURGICA;viale Resistenza;2;IMPIANTO INDUSTRIALE;
LI;PIOMBINO;LUCCHINI SIDERURGICA;viale Resistenza;2;IMPIANTO INDUSTRIALE;
LI;PIOMBINO;LUCCHINI SIDERURGICA;viale Resistenza;2;IMPIANTO INDUSTRIALE;
LI;PIOMBINO;LUCCHINI SIDERURGICA;viale Resistenza;2;IMPIANTO INDUSTRIALE;
LI;PIOMBINO;LUCCHINI SIDERURGICA;viale Resistenza;2;IMPIANTO INDUSTRIALE;
LI;PIOMBINO;LUCCHINI SIDERURGICA;viale Resistenza;2;IMPIANTO INDUSTRIALE;
LI;PIOMBINO;LUCCHINI SIDERURGICA;viale Resistenza;2;IMPIANTO INDUSTRIALE;
LI;PIOMBINO;LUCCHINI SIDERURGICA;viale Resistenza;2;IMPIANTO INDUSTRIALE;
LI;PIOMBINO;LUCCHINI SIDERURGICA;viale Resistenza;2;IMPIANTO INDUSTRIALE;
LI;PIOMBINO;COMUNE DI PIOMBINO;VIA P. GORI;;cimitero;0
LI;PIOMBINO;EDISON SPA;VIALE DELLA RESISTENZA;2;Impianto industriale;0
LI;PIOMBINO;ARCELOR Piombino;via di Portovecchio;34;IMPIANTO INDUSTRIALE;
LI;PIOMBINO;DALMINE SPA;Ischia di Crociano;;IMPIANTO INDUSTRIALE;
LI;PIOMBINO;ARCELOR Piombino;via di Portovecchio;34;IMPIANTO INDUSTRIALE;
LI;PIOMBINO;DALMINE SPA;ISchia di Crociano;;IMPIANTO INDUSTRIALE;
LI;PIOMBINO;DALMINE SPA;Ischia di Crociano;;IMPIANTO INDUSTRIALE;
LI;PIOMBINO;ARCELOR Piombino;via di Portovecchio;34;IMPIANTO INDUSTRIALE;
LI;PIOMBINO;ARCELOR Piombino;via di Portovecchio;34;IMPIANTO INDUSTRIALE;
LI;PORTOFERRAIO;UFFICIO TERRITORIALE PER LA BIODIVERSITA';ISOLA DI MONTECRISTO;;POLLAIO;13
LI;PORTOFERRAIO;UFFICIO TERRITORIALE PER LA BIODIVERSITA';ISOLA DI MONTECRISTO;;LOCALE CALDAIA;14
LI;PORTOFERRAIO;pirelli re sgr spa-fondo spazio industriale;tesei;;SITO DISMESSO;
LI;PORTOFERRAIO;UFFICIO TERRITORIALE PER LA BIODIVERSITA';ISOLA DI MONTECRISTO;;CORRENTE;21
LI;ROSIGNANO MARITTIMO;POSTE ITALIANE S.p.A.;VIA EDUARDO DE FILIPPO;1;Ufficio aperto al pubblico;188
LI;ROSIGNANO MARITTIMO;SOLVAY CHIMICA ITALIA SPA;PIAVE;6;IMPIANTO INDUSTRIALE;
LI;ROSIGNANO MARITTIMO;SOLVAY CHIMICA ITALIA SPA;PIAVE;6;IMPIANTO INDUSTRIALE;
LI;ROSIGNANO MARITTIMO;SOLVAY CHIMICA ITALIA SPA;PIAVE;6;IMPIANTO INDUSTRIALE;
LI;ROSIGNANO MARITTIMO;SOLVAY CHIMICA ITALIA SPA;PIAVE;6;IMPIANTO INDUSTRIALE;
LI;ROSIGNANO MARITTIMO;POSTE ITALIANE S.p.A.;TRAVERSA LIVORNESE;14;Ufficio aperto al pubblico;78
LI;ROSIGNANO MARITTIMO;SOLVAY CHIMICA ITALIA SPA;PIAVE;6;IMPIANTO INDUSTRIALE;
LI;ROSIGNANO MARITTIMO;SOLVAY CHIMICA ITALIA SPA;PIAVE;6;IMPIANTO INDUSTRIALE;
LI;SAN VINCENZO;POSTE ITALIANE S.p.A.;VIA BISERNO;22;Ufficio aperto al pubblico;230
LI;SAN VINCENZO;RFI S.P.A. - UNITA' TERRITORIALE LIVORNO;NDEF aurelia nord;37;257+800;80
LI;SASSETTA;STAZIONE CARABINIERI;VIA DI CASTAGNETO;84;Magazzino;60
LI;SASSETTA;POSTE ITALIANE S.p.A.;VIA GUERRAZZI;1p;Ufficio aperto al pubblico;125
LU;ALTOPASCIO;COMUNE DI ALTOPASCIO;LC. CIMITERO;1/C;cimitero;0
LU;ALTOPASCIO;COVER COLORIFICIO CERAMICO SRL;di sibolla;38;IMPIANTO INDUSTRIALE;
LU;ALTOPASCIO;COVER COLORIFICIO CERAMICO SRL;di sibolla;38;IMPIANTO INDUSTRIALE;
LU;ALTOPASCIO;COVER COLORIFICIO CERAMICO SRL;di sibolla;38;IMPIANTO INDUSTRIALE;
LU;ALTOPASCIO;COVER COLORIFICIO CERAMICO SRL;di sibolla;38;IMPIANTO INDUSTRIALE;
LU;ALTOPASCIO;COVER COLORIFICIO CERAMICO SRL;di sibolla;38;IMPIANTO INDUSTRIALE;
LU;ALTOPASCIO;COVER COLORIFICIO CERAMICO SRL;di sibolla;38;IMPIANTO INDUSTRIALE;
LU;ALTOPASCIO;COVER COLORIFICIO CERAMICO SRL;di sibolla;38;IMPIANTO INDUSTRIALE;
LU;ALTOPASCIO;COVER COLORIFICIO CERAMICO SRL;di sibolla;38;IMPIANTO INDUSTRIALE;
LU;ALTOPASCIO;COVER COLORIFICIO CERAMICO SRL;di sibolla;38;IMPIANTO INDUSTRIALE;
LU;ALTOPASCIO;COVER COLORIFICIO CERAMICO SRL;di sibolla;38;IMPIANTO INDUSTRIALE;
LU;ALTOPASCIO;COVER COLORIFICIO CERAMICO SRL;di sibolla;38;IMPIANTO INDUSTRIALE;
LU;ALTOPASCIO;COVER COLORIFICIO CERAMICO SRL;di sibolla;38;IMPIANTO INDUSTRIALE;
LU;ALTOPASCIO;COVER COLORIFICIO CERAMICO SRL;di sibolla;38;IMPIANTO INDUSTRIALE;
LU;ALTOPASCIO;COMUNE DI ALTOPASCIO;VIA FIRENZE;90;Magazzino;670
LU;BAGNI DI LUCCA;POSTE ITALIANE S.p.A.;PIAZZA ADAMI - VILLA;;Ufficio aperto al pubblico;210
LU;BAGNI DI LUCCA;ALCE SPA;Via Privata Alce;1/2;IMPIANTO INDUSTRIALE;
LU;BAGNI DI LUCCA;ALCE SPA;Via Privata Alce;1/2;IMPIANTO INDUSTRIALE;
LU;BAGNI DI LUCCA;ALCE SPA;Via Privata Alce;1/2;IMPIANTO INDUSTRIALE;
LU;BAGNI DI LUCCA;ALCE SPA;Via Privata Alce;1/2;IMPIANTO INDUSTRIALE;
LU;BAGNI DI LUCCA;ALCE SPA;Via Privata Alce;1/2;IMPIANTO INDUSTRIALE;
LU;BAGNI DI LUCCA;ALCE SPA;Via Privata Alce;1/2;IMPIANTO INDUSTRIALE;
LU;BARGA;POSTE ITALIANE S.p.A.;PIAZZA DON MINZONI;;Ufficio aperto al pubblico;196
LU;BARGA;PARROCCHIA DEL SACRO CUORE;VIA ROMA;;centrale terminca - prevenz_verniciato;0
LU;BARGA;Chiesa SS. Nome di Maria;VIA PROVINCIALE;;locale caldaia;6
LU;BORGO A MOZZANO;POSTE ITALIANE S.p.A.;VIA ROMA;15;Ufficio aperto al pubblico;210
LU;BORGO A MOZZANO;IMBALPAPER SPA;via Prov.le Ludovica;;IMPIANTO INDUSTRIALE;
LU;BORGO A MOZZANO;MONDIALCARTA SPA;Renaccio - Diecimo;;IMPIANTO INDUSTRIALE;
LU;BORGO A MOZZANO;CARTIERA LUCCHESE SPA;Z.I. BACCANELLA;;IMPIANTO INDUSTRIALE;
LU;BORGO A MOZZANO;CARTIERA LUCCHESE SPA;Z.I. BACCANELLA;;IMPIANTO INDUSTRIALE;
LU;BORGO A MOZZANO;CARTIERA LUCCHESE SPA;Z.I. BACCANELLA;;IMPIANTO INDUSTRIALE;
LU;CAMAIORE;soc. ravela srl-ex cartiera viareggio;VIA D. CAPANNE-LOC. DUCCINI;;SITO DISMESSO;
LU;CAMAIORE;PARROCCHIA SACRO CUORE di Gesù;PIAZZA SACRO CUORE;1;Luogo di culto;600
LU;CAMPORGIANO;POSTE ITALIANE S.p.A.;S.R. 45 - COLLETTO;;Ufficio aperto al pubblico;125
LU;CAPANNORI;POSTE ITALIANE S.p.A.;VIA PAOLINELLI;;Ufficio aperto al pubblico;210
LU;CAPANNORI;POSTE ITALIANE S.p.A.;VIA GIOMI;72;Ufficio aperto al pubblico;125
LU;CAPANNORI;COMUNE DI CAPANNORI;VIA CARDINALE A. PACINI;;Ufficio aperto al pubblico;450
LU;CAPANNORI;COMUNE DI CAPANNORI;VIA SARZANESE VALDERA;446;Scuola;1500
LU;CAPANNORI;COMUNE DI CAPANNORI;VIA DELLA CHIESA DI GRAGNANO;;Scuola;393
LU;CAPANNORI;COMUNE DI CAPANNORI;VIA DI CARRAIA -TORINGO;;Magazzino;320
LU;CAPANNORI;COMUNE DI CAPANNORI;VIA DEGLI SCATENA;;Ufficio aperto al pubblico;2000
LU;CAPANNORI;COMUNE DI CAPANNORI;VIA DI VERGALLORO;;associazione culturale;198
LU;CAPANNORI;BANCA DEL MONTE DI LUCCA SPA;VIA DELL'ISOLA  - LUNATA;22;Magazzino;1330
LU;CAPANNORI;ARMA CARABINIERI;via COlombini;59;Ufficio aperto al pubblico;320
LU;CASTELNUOVO DI GARFAGNANA;GEORGIA-PACIFIC ITALIA SRL;via E. Fermi;13;IMPIANTO INDUSTRIALE;
LU;CASTELNUOVO DI GARFAGNANA;AZIENDA USL2 DI LUCCA;VIA DELL'OSPEDALE;3;Ufficio aperto al pubblico;1210
LU;CASTELNUOVO DI GARFAGNANA;AZIENDA USL2 DI LUCCA;VIA DELL'OSPEDALE;2;Ospedale/Casa di cura;5800
LU;FABBRICHE DI VALLICO;LINPAPER SRL;GNOCCONI;;IMPIANTO INDUSTRIALE;
LU;FORTE DEI MARMI;COMUNE DI FORTE DEI MARMI  - MAGAZZINO;VIA L. DALLA PICCOLA;1;Magazzino;400
LU;GALLICANO;POSTE ITALIANE S.p.A.;VIA PASCOLI;;Ufficio aperto al pubblico;196
LU;LUCCA;ARMA CARABINIERI;via del Brennero;776;Ufficio aperto al pubblico;0
LU;LUCCA;IMPIANTI SPORTIVI: PALASPORT BOWLING;VIALE CORSICA - S. VICO;25;sala giochi;600
LU;LUCCA;ARMA CARABINIERI;via della Formica;229;Ufficio aperto al pubblico;335
LU;LUCCA;battaglia marco;VIA ROMANA VECCHIA  ANTRACCOLI;1000;SITO DISMESSO;
LU;LUCCA;CASA DI RIPOSO VOLTO SANTO;VIA SAN DONNINO;2;Ospedale/Casa di cura;1436
LU;LUCCA;COMUNE DI LUCCA MERCATO ORTOFRUTTICOLO;VIA CADUTI SUL LAVORO;;Esercizio commerciale;1
LU;LUCCA;FIBROCELLULOSA SPA;via di Fegana;38;IMPIANTO INDUSTRIALE;
LU;MASSAROSA;COMUNE DI MASSAROSA;PIANO DI CONCA;;Scuola;1600
LU;MASSAROSA;COMUNE DI MASSAROSA;VIA FRANCESCA-PIANO DI MOMMIO;;Scuola;1280
LU;MASSAROSA;COMUNE DI MASSAROSA;PIAN DI MOMMIO;;Scuola;500
LU;MASSAROSA;COMUNE DI MASSAROSA;PIANO DI MOMMIO;;Scuola;400
LU;MASSAROSA;COMUNE DI MASSAROSA;PIANO DEL QUERCIONE;;Scuola;430
LU;MASSAROSA;COMUNE DI MASSAROSA;STIAVA;;Scuola;550
LU;MASSAROSA;COMUNE DI MASSAROSA;CORSANICO;;Scuola;520
LU;MASSAROSA;COMUNE DI MASSAROSA;BOZZANO;;Scuola;590
LU;MASSAROSA;POSTE ITALIANE S.p.A.;VIA DELL'ARCHELLINO - STIAVA;;Ufficio aperto al pubblico;125
LU;MASSAROSA;meta immobiliare - ex sias;VIA DEL PALAZZO- STIAVA;;SITO DISMESSO;
LU;MONTECARLO;TOSCANA ENERGIA SPA (ex TOSCANA GAS SPA);SAN GIUSEPPE;;impianto riduzione gas metano;65
LU;PIAZZA AL SERCHIO;POSTE ITALIANE S.p.A.;VIA VALLI;36/a;Ufficio aperto al pubblico;125
LU;PIETRASANTA;TOSCANA ENERGIA SPA (ex TOSCANA GAS SPA);VIALE APUA;;impianto di riduzione gas metano;100
LU;PIEVE FOSCIANA;POSTE ITALIANE S.p.A.;VIA EUROPA;9;Ufficio aperto al pubblico;125
LU;PORCARI;SCA PACKAGING SPA;Via del Frizzone;13;IMPIANTO INDUSTRIALE;
LU;PORCARI;SCA PACKAGING SPA;Via del Frizzone;13;IMPIANTO INDUSTRIALE;
LU;PORCARI;SCA PACKAGING SPA;Via  del Frizzone;13;IMPIANTO INDUSTRIALE;
LU;PORCARI;SCA PACKAGING SPA;Via del Frizzone;13;IMPIANTO INDUSTRIALE;
LU;PORCARI;SCA HYGIENE PRODUCTS SPA;via del Frizzone;;IMPIANTO INDUSTRIALE;
LU;PORCARI;SCA HYGIENE PRODUCTS SPA;via del Frizzone;;IMPIANTO INDUSTRIALE;
LU;PORCARI;SCA HYGIENE PRODUCTS SPA;via del Frizzone;;IMPIANTO INDUSTRIALE;
LU;PORCARI;SCA HYGIENE PRODUCTS SPA;via del Frizzone;;IMPIANTO INDUSTRIALE;
LU;PORCARI;SCA HYGIENE PRODUCTS SPA;via del Frizzone;;IMPIANTO INDUSTRIALE;
LU;PORCARI;SCA HYGIENE PRODUCTS SPA;via del Frizzone;;IMPIANTO INDUSTRIALE;
LU;PORCARI;cires spa;VIA CARLOTTI;42;SITO DISMESSO;
LU;PORCARI;DELICARTA SPA CARTIERA;via di lucia;23;IMPIANTO INDUSTRIALE;
LU;PORCARI;SCA HYGIENE PRODUCTS SPA;via del frizzone;;IMPIANTO INDUSTRIALE;
LU;PORCARI;CARTIERA LUCCHESE SPA;VIA CIARPI;77;IMPIANTO INDUSTRIALE;
LU;PORCARI;CARTIERA LUCCHESE SPA;VIA CIARPI;77;IMPIANTO INDUSTRIALE;
LU;PORCARI;CARTIERA LUCCHESE SPA;VIA CIARPI;77;IMPIANTO INDUSTRIALE;
LU;PORCARI;CARTIERA LUCCHESE SPA;VIA CIARPI;77;IMPIANTO INDUSTRIALE;
LU;PORCARI;CARTIERA LUCCHESE SPA;VIA CIARPI;77;IMPIANTO INDUSTRIALE;
LU;PORCARI;CARTIERA LUCCHESE SPA;VIA CIARPI;77;IMPIANTO INDUSTRIALE;
LU;PORCARI;SOFFASS SPA;LECCIO;19;IMPIANTO INDUSTRIALE;
LU;PORCARI;SOFFASS SPA;LECCIO;19;IMPIANTO INDUSTRIALE;
LU;PORCARI;SOFFASS SPA;LECCIO;19;IMPIANTO INDUSTRIALE;
LU;SAN ROMANO IN GARFAGNANA;AZIENDA USL2 DI LUCCA;VIA DELLE PIANE -  VILLETTA;1;Ospedale/Casa di cura;540
LU;SERAVEZZA;STAZIONE CARABINIERI;MARCONI;315;caserma carabinieri;359
LU;SERAVEZZA;ARMA CARABINIERI;via Marconi;3/5;Ufficio aperto al pubblico;359
LU;VIAREGGIO;POSTE ITALIANE S.p.A.;VIA DANTE ALIGHIERI;2;Ufficio aperto al pubblico;228
LU;VIAREGGIO;ISTITUTO TECNICO NAUTICO ARTIGLIO;VIA DEI PESCATORI;;Scuola;2650
LU;VIAREGGIO;ITIS GALILEI VIAREGGIO;VIA AURELIA NORD;242;Scuola;0
LU;VILLA BASILICA;CARTIERA DELLA MADONNINA SPA;Via delle Cartiere;213;IMPIANTO INDUSTRIALE;
LU;VILLA BASILICA;CARTIERA DELLA MADONNINA SPA;Via delle Cartiere;213;IMPIANTO INDUSTRIALE;
LU;VILLA BASILICA;CARTIERA DELLA MADONNINA SPA;Via delle Cartiere;213;IMPIANTO INDUSTRIALE;
LU;VILLA BASILICA;CARTIERA DELLA MADONNINA SPA;Via delle Cartiere;213;IMPIANTO INDUSTRIALE;
MS;AULLA;SCUOLA MEDIA ISTITUTO COMPRENSIVO ALIGHIERI;D. ALIGHIERI;;Scuola;600
MS;AULLA;MUNIZIONAMENTO AVANZATO;DEL CERRETO;53;Alloggio di servizio;200
MS;AULLA;MUNIZIONAMENTO AVANZATO;DEL CERRETO;53;Alloggio di servizio;600
MS;AULLA;MUNIZIONAMENTO AVANZATO;VIA DEL CERRETO;53;Capannone industriale;1000
MS;AULLA;MUNIZIONAMENTO AVANZATO;VIA DEL CERRETO;53;ufficio / autorimessa;800
MS;AULLA;MUNIZIONAMENTO AVANZATO;DEL CERRETO;53;Capannone industriale;400
MS;AULLA;MUNIZIONAMENTO AVANZATO;VIA DEL CERRETO;53;Ufficio;290
MS;AULLA;MUNIZIONAMENTO AVANZATO;DEL CERRETO;53;Capannone industriale;1000
MS;AULLA;MUNIZIONAMENTO AVANZATO;DEL CERRETO;53;Impianto industriale;93
MS;AULLA;MUNIZIONAMENTO AVANZATO;DEL CERRETO;53;Capannone industriale;1000
MS;AULLA;MUNIZIONAMENTO AVANZATO;DEL CERRETO;53;Capannone industriale;188
MS;AULLA;MUNIZIONAMENTO AVANZATO;DEL CERRETO;53;Capannone industriale;300
MS;AULLA;MUNIZIONAMENTO AVANZATO;VIA DEL CERRETO;53;Magazzino;140
MS;AULLA;MUNIZIONAMENTO AVANZATO;DEL CERRETO;53;Capannone industriale;200
MS;AULLA;MUNIZIONAMENTO AVANZATO;DEL CERRETO;53;Magazzino;136
MS;AULLA;MUNIZIONAMENTO AVANZATO;DEL CERRETO;53;Magazzino;656
MS;AULLA;MUNIZIONAMENTO AVANZATO;DEL CERRETO;53;Magazzino;307
MS;AULLA;MUNIZIONAMENTO AVANZATO;DEL CERRETO;53;Magazzino;136
MS;AULLA;MUNIZIONAMENTO AVANZATO;DEL CERRETO;53;Magazzino;136
MS;AULLA;MUNIZIONAMENTO AVANZATO;DEL CERRETO;53;Magazzino;136
MS;AULLA;MUNIZIONAMENTO AVANZATO;DEL CERRETO;53;Magazzino;136
MS;AULLA;MUNIZIONAMENTO AVANZATO;DEL CERRETO;53;Magazzino;30
MS;AULLA;MUNIZIONAMENTO AVANZATO;DEL CERRETO;53;Magazzino;40
MS;AULLA;MUNIZIONAMENTO AVANZATO;DEL CERRETO;53;Magazzino;40
MS;AULLA;MUNIZIONAMENTO AVANZATO;DEL CERRETO;53;Magazzino;40
MS;AULLA;MUNIZIONAMENTO AVANZATO;DEL CERRETO;53;Magazzino;300
MS;AULLA;MUNIZIONAMENTO AVANZATO;DEL CERRETO;53;Magazzino;300
MS;CARRARA;PARROCCHIA DELLA SANTISSIMA ANNUNZIATA;VIA BASSAGRANDE;47;Ufficio aperto al pubblico;0
MS;CARRARA;milcar;VIA AURELIA Km 383;;SITO DISMESSO;
MS;CARRARA;syndial;VIA BASSINA, 37LOC. AVENZA;;SITO DISMESSO;
MS;CARRARA;pastificio frediani;VIA AURELIA LOC. AVENZA;;SITO DISMESSO;
MS;CASOLA IN LUNIGIANA;COMUNE DI CASOLA IN LUNIGIANA;FRAZ. LUSCIGNANO;;Scuola;250
MS;FIVIZZANO;POSTE ITALIANE S.p.A.;PIAZZA CLAUDIO SISTI;1;Ufficio aperto al pubblico;125
MS;FIVIZZANO;EUROPAPER SPA;piandimolino-monzone;;IMPIANTO INDUSTRIALE;
MS;FIVIZZANO;COMUNITA' MONTANA DELLA LUNIGIANA;VIA ALCIDE DE GASPERI;17;Ufficio aperto al pubblico;1500
MS;LICCIANA NARDI;POSTE ITALIANE S.p.A.;VIA PROVINCIALE;10;Ufficio aperto al pubblico;125
MS;LICCIANA NARDI;Comuna di Licciana Nardi;VIA PIANO LICCIANA;;Magazzino;1000
MS;LICCIANA NARDI;MUNIZIONAMENTO AVANZATO;PROVINCIALE SUD -PONTEROTTO;;CASERMA MARINAI;700
MS;LICCIANA NARDI;MUNIZIONAMENTO AVANZATO;PROVINCIALE SUD- PONTEROTTO;;Capannone industriale;250
MS;LICCIANA NARDI;MUNIZIONAMENTO AVANZATO;PROVINCIALE SUD -PONTEROTTO;;Magazzino;300
MS;LICCIANA NARDI;MUNIZIONAMENTO AVANZATO;PROVINCIALE SUD -PONTEROTTO;;Magazzino;510
MS;LICCIANA NARDI;MUNIZIONAMENTO AVANZATO;PROVINCIALE SUD- PONTEROTTO;;Magazzino;158
MS;LICCIANA NARDI;MUNIZIONAMENTO AVANZATO;PROVINCIALE SUD- PONTEROTTO;;Magazzino;158
MS;LICCIANA NARDI;MUNIZIONAMENTO AVANZATO;PROVINCIALE SUD- PONTEROTTO;;Magazzino;158
MS;LICCIANA NARDI;MUNIZIONAMENTO AVANZATO;PROVINCIALE SUD- PONTEROTTO;;Magazzino;158
MS;LICCIANA NARDI;MUNIZIONAMENTO AVANZATO;PROVINCIALE SUD- PONTEROTTO;;Magazzino;300
MS;LICCIANA NARDI;MUNIZIONAMENTO AVANZATO;PROVINCIALE SUD -PONTEROTTO;;Magazzino;378
MS;LICCIANA NARDI;MUNIZIONAMENTO AVANZATO;PROVINCIALE SUD- PONTEROTTO;;Magazzino;228
MS;LICCIANA NARDI;MUNIZIONAMENTO AVANZATO;PROVINCIALE SUD- PONTEROTTO;;Magazzino;158
MS;LICCIANA NARDI;MUNIZIONAMENTO AVANZATO;PROVINCIALE SUD- PONTEROTTO;;Magazzino;300
MS;LICCIANA NARDI;MUNIZIONAMENTO AVANZATO;PROVINCIALE SUD -PONTEROTTO;;Magazzino;300
MS;LICCIANA NARDI;MUNIZIONAMENTO AVANZATO;PROVINCIALE SUD -PONTEROTTO;;Magazzino;300
MS;LICCIANA NARDI;MUNIZIONAMENTO AVANZATO;PROVINCIALE SUD -PONTEROTTO;;Magazzino;158
MS;LICCIANA NARDI;MUNIZIONAMENTO AVANZATO;PROVINCIALE SUD -PONTEROTTO;;Magazzino;300
MS;LICCIANA NARDI;MUNIZIONAMENTO AVANZATO;PROVINCIALE SUD -PONTEROTTO;;Magazzino;648
MS;LICCIANA NARDI;MUNIZIONAMENTO AVANZATO;PROVINCIALE SUD- PONTEROTTO;;Magazzino;486
MS;LICCIANA NARDI;MUNIZIONAMENTO AVANZATO;PROVINCIALE SUD- PONTEROTTO;;Magazzino;195
MS;LICCIANA NARDI;MUNIZIONAMENTO AVANZATO;PROVINCIALE SUD- PONTEROTTO;;Magazzino;378
MS;LICCIANA NARDI;MUNIZIONAMENTO AVANZATO;PROVINCIALE SUD- PONTEROTTO;;Magazzino;517
MS;LICCIANA NARDI;MUNIZIONAMENTO AVANZATO;PROVINCIALE SUD- PONTEROTTO;;Magazzino;158
MS;LICCIANA NARDI;MUNIZIONAMENTO AVANZATO;PROVINCIALE SUD- PONTEROTTO;;Magazzino;300
MS;LICCIANA NARDI;MUNIZIONAMENTO AVANZATO;PROVINCIALE SUD -PONTEROTTO;;Magazzino;520
MS;MASSA;Gaia SpA;VIA FATTORIA;;depuratore;0
MS;MASSA;arpat;del patriota;2;Ufficio aperto al pubblico;2000
MS;MONTIGNOSO;POSTE ITALIANE S.p.A.;VIA ROMA;;Ufficio aperto al pubblico;223
MS;PONTREMOLI;COMUNITA' MONTANA DELLA LUNIGIANA;FOGLIO 34 MAPPALE 667;;RIFUGIO;30
MS;PONTREMOLI;COMUNITA' MONTANA DELLA LUNIGIANA;FOGLIO 11 MAPPALE 109;1;Magazzino;40
MS;TRESANA;PALESTRA COMUNALE;S. ALLENDE;;Impianto sportivo;1100
MS;TRESANA;IMPIANTI SPORTIVI: CAMPO SPORTIVO;PIAZZALE XXV APRILE;1;Ufficio aperto al pubblico;600
PI;BIENTINA;POSTE ITALIANE S.p.A.;VIA ROMA;5;Ufficio aperto al pubblico;180
PI;BIENTINA;BANCA DI CREDITO COOPERATIVO DI BIENTINA SCRL;PIAZZA VITTORIO EMANUELE II;4;Ufficio aperto al pubblico;800
PI;CALCI;COMUNE DI CALCI;MONTESERRA - PRATO ALLA TENETA;1;Base elicotteri servizio antincendio;120
PI;CALCI;COMUNE DI CALCI;MONTESERRA;10;base elicotteri;80
PI;CALCINAIA;COMUNE DI CALCINAIA;PALESTRA - VIA GENOVA;;Impianto industriale;0
PI;CALCINAIA;COMUNE DI CALCINAIA;VIA G. LEOPARDI;;Scuola;644
PI;CALCINAIA;COMUNE DI CALCINAIA;VIA BRUNO BUOZZI;;Scuola;1373
PI;CASCINA;POSTE ITALIANE S.p.A.;VIA ACHILLE GRANDI;19;Ufficio aperto al pubblico;272
PI;CASCINA;TOSCANA ENERGIA SPA (ex TOSCANA GAS SPA);DELLA ROTINA LATIGNANO;;impianto di riduzione gas metano;95
PI;CASCINA;TOSCANA ENERGIA SPA (ex TOSCANA GAS SPA);TITIGNANO;;impianto di riduzione gas metano;75
PI;CASTELNUOVO DI VAL DI CECINA;COMUNE DI CASTELNUOVO VAL DI CECINA;G. VERDI;1;Ufficio aperto al pubblico;600
PI;CASTELNUOVO DI VAL DI CECINA;ENEL - Unit‡ territoriale di Larderello;pozzo91;;IMPIANTO GEOTERMIA;
PI;CASTELNUOVO DI VAL DI CECINA;ENEL - Unit‡ territoriale di Larderello;pozzo98;;IMPIANTO GEOTERMIA;
PI;CASTELNUOVO DI VAL DI CECINA;ENEL - Unit‡ territoriale di Larderello;pozzo 106/2;;IMPIANTO GEOTERMIA;
PI;CASTELNUOVO DI VAL DI CECINA;ENEL - Unit‡ territoriale di Larderello;term. coll. Colombaia;;IMPIANTO GEOTERMIA;
PI;CASTELNUOVO DI VAL DI CECINA;ENEL - Unit‡ territoriale di Larderello;Piandelgiglio;;IMPIANTO GEOTERMIA;
PI;CASTELNUOVO DI VAL DI CECINA;COMUNE DI CASTELNUOVO VAL DI CECINA;VIA ROMA;1;Scuola;1000
PI;CASTELNUOVO DI VAL DI CECINA;Enel - Unit‡ territoriale di Lago;N4-n5a;;IMPIANTO GEOTERMIA;
PI;CASTELNUOVO DI VAL DI CECINA;ENEL - Unit‡ territoriale di Larderello;coll. BP lard 2;;IMPIANTO GEOTERMIA;
PI;CASTELNUOVO DI VAL DI CECINA;ENEL - Unit‡ territoriale di Larderello;pozzo 139;;IMPIANTO GEOTERMIA;
PI;CASTELNUOVO DI VAL DI CECINA;ENEL - Unit‡ territoriale di Larderello;pozzo 106/1;;IMPIANTO GEOTERMIA;
PI;CASTELNUOVO DI VAL DI CECINA;ENEL - Unit‡ territoriale di Larderello;pozzo bianchi;;IMPIANTO GEOTERMIA;
PI;CASTELNUOVO DI VAL DI CECINA;ENEL - Unit‡ territoriale di Larderello;coll. BP(n70-n76);;IMPIANTO GEOTERMIA;
PI;CASTELNUOVO DI VAL DI CECINA;ENEL - Unit‡ territoriale di Larderello;Colombaia 2;;IMPIANTO GEOTERMIA;
PI;CASTELNUOVO DI VAL DI CECINA;ENEL - Unit‡ territoriale di Larderello;camorsi 2;;IMPIANTO GEOTERMIA;
PI;CASTELNUOVO DI VAL DI CECINA;ENEL - Unit‡ territoriale di Larderello;coll. AP (n66-n90);;IMPIANTO GEOTERMIA;
PI;CASTELNUOVO DI VAL DI CECINA;ENEL - Unit‡ territoriale di Larderello;v45;;IMPIANTO GEOTERMIA;
PI;CASTELNUOVO DI VAL DI CECINA;Enel - Unit‡ territoriale di Lago;Nodo 46 - Nodo 47;;IMPIANTO GEOTERMIA;
PI;CASTELNUOVO DI VAL DI CECINA;ENEL - Unit‡ territoriale di Larderello;v19;;IMPIANTO GEOTERMIA;
PI;CASTELNUOVO DI VAL DI CECINA;ENEL - Unit‡ territoriale di Larderello;v42;;IMPIANTO GEOTERMIA;
PI;CASTELNUOVO DI VAL DI CECINA;Enel - Unit‡ territoriale di Lago;Le Prata 2 - Nodo 68;;IMPIANTO GEOTERMIA;
PI;CASTELNUOVO DI VAL DI CECINA;ENEL - Unit‡ territoriale di Larderello;v98;;IMPIANTO GEOTERMIA;
PI;CASTELNUOVO DI VAL DI CECINA;ENEL - Unit‡ territoriale di Larderello;vallonsordo;;IMPIANTO GEOTERMIA;
PI;CASTELNUOVO DI VAL DI CECINA;ENEL - Unit‡ territoriale di Larderello;SV5;;IMPIANTO GEOTERMIA;
PI;CASTELNUOVO DI VAL DI CECINA;ENEL - Unit‡ territoriale di Larderello;immis. camorsi-c.le2;;IMPIANTO GEOTERMIA;
PI;CASTELNUOVO DI VAL DI CECINA;ENEL - Unit‡ territoriale di Larderello;poggiocolombaia;;IMPIANTO GEOTERMIA;
PI;CASTELNUOVO DI VAL DI CECINA;ENEL - Unit‡ territoriale di Larderello;sv2;;IMPIANTO GEOTERMIA;
PI;CASTELNUOVO DI VAL DI CECINA;ENEL - Unit‡ territoriale di Larderello;v sperim. 1;;IMPIANTO GEOTERMIA;
PI;CASTELNUOVO DI VAL DI CECINA;ENEL - Unit‡ territoriale di Larderello;v catarzi;;IMPIANTO GEOTERMIA;
PI;CASTELNUOVO DI VAL DI CECINA;ENEL - Unit‡ territoriale di Larderello;caspeci;;IMPIANTO GEOTERMIA;
PI;CASTELNUOVO DI VAL DI CECINA;ENEL - Unit‡ territoriale di Larderello;fornace;;IMPIANTO GEOTERMIA;
PI;CASTELNUOVO DI VAL DI CECINA;ENEL - Unit‡ territoriale di Larderello;v93;;IMPIANTO GEOTERMIA;
PI;CASTELNUOVO DI VAL DI CECINA;Enel - Unit‡ territoriale di Lago;Selva 3 - Nodo 46;;IMPIANTO GEOTERMIA;
PI;CASTELNUOVO DI VAL DI CECINA;ENEL - Unit‡ territoriale di Larderello;SV5;;IMPIANTO GEOTERMIA;
PI;CASTELNUOVO DI VAL DI CECINA;ENEL - Unit‡ territoriale di Larderello;v16;;IMPIANTO GEOTERMIA;
PI;CASTELNUOVO DI VAL DI CECINA;ENEL - Unit‡ territoriale di Larderello;Camorsi 1a;;IMPIANTO GEOTERMIA;
PI;CASTELNUOVO DI VAL DI CECINA;ENEL - Unit‡ territoriale di Larderello;v38;;IMPIANTO GEOTERMIA;
PI;CASTELNUOVO DI VAL DI CECINA;ENEL - Unit‡ territoriale di Larderello;immis. Camorsi-c.le1;;IMPIANTO GEOTERMIA;
PI;CASTELNUOVO DI VAL DI CECINA;ENEL - Unit‡ territoriale di Larderello;v cappellini;;IMPIANTO GEOTERMIA;
PI;CRESPINA;TOSCANA ENERGIA SPA (ex TOSCANA GAS SPA);LAVORIA FRAZ. LAVORIA;;impianto di riduzione gas metano;75
PI;CRESPINA;STAZIONE CARABINIERI;PIAZZA DON MINZONI;8;caserma;320
PI;LARI;SCUOLA ELEMENTARE;VIA GRAMSCI;;Esercizio commerciale;400
PI;LARI;SCUOLA ELEMENTARE;VIA DEI CILIEGI;12;Magazzino;400
PI;LARI;SCUOLA ELEMENTARE;VIA GRAMSCI;;Ufficio aperto al pubblico;90
PI;MONTECATINI VAL DI CECINA;COMUNE DI MONTECATINI VAL DI CECINA;VIA ROMA;;copertura scuola materna;340
PI;MONTESCUDAIO;r.m. di giacomo massini;LOC. POGGIO GAGLIARDO;;SITO DISMESSO;
PI;MONTOPOLI IN VAL D'ARNO;TOSCANA ENERGIA SPA (ex TOSCANA GAS SPA);VAGHERA;;impianto di riduzione gas metano;45
PI;PALAIA;UNIONE SPORTIVA FORCOLI CALCIO 1921;VIA DEL BOSCO;5;Impianto sportivo;10
PI;PALAIA;PARROCCHIA DI PALAIA;VIA XX SETTEMBRE;22;Cinema/teatro/spettacoli;25
PI;PALAIA;COMUNE DI PALAIA;SAN FRANCESCO;1;Scuola;1250
PI;PALAIA;SCUOLA MEDIA FRA' DOMENICO DA PECCIOLI;PIANA;1;Scuola;400
PI;PALAIA;COMUNE DI PALAIA;PIANA - MONTEFOSCOLI;1;Scuola;400
PI;PALAIA;COMUNE DI PALAIA;SAN FRANCESCO;1;Palestra Comunale;285
PI;PALAIA;COMUNE DI PALAIA;SAN FRANCESCO;1;Scuola;745
PI;PALAIA;COMUNE DI PALAIA;VIA VERDI - FORCOLI;1;Scuola;480
PI;PECCIOLI;IMPIANTI SPORTIVI: PALESTRA COMUNALE;VIA SABATINI;11;Impianto sportivo;450
PI;PISA;arpat;VITTORIO VENETO;27;edificio spogliatoio;0
PI;PISA;arpat;VITTORIO VENETO;27;edificio per uffici;0
PI;PISA;FINDOMESTIC BANCA;VIA SAN FRANCESCO 1;13;Esercizio commerciale;600
PI;PISA;FINDOMESTIC BANCA;VIA SAN FRANCESCO 1;13;Esercizio commerciale;600
PI;PISA;Circolo ricreativo dipendenti ospedalieri;VIALE D'ANNUNZIO;42;Impianto sportivo;90
PI;PISA;PENSIONATO TONIOLO;PIAZZA S. CATERINA;4;Impianto sportivo;600
PI;PISA;ISTITUTO PROFESSIONALE INDUSTRIA ED ARTIGIANATO;VIA UGO RINDI;47;SCUOLA;1159
PI;PISA;ISTITUTO PROFESSIONALE INDUSTRIA ED ARTIGIANATO;VIA UGO RINDI;47;Scuola;1438
PI;PISA;GAMBACORTI;ITALO POSSENTI;18;Scuola;2580
PI;PISA;POSTE ITALIANE S.p.A.;VIA ALDO MORO;27;Ufficio aperto al pubblico;70
PI;PISA;PISA;VIA SANTO STEFANO;2;Luogo di culto;10
PI;PISA;TOSCANA ENERGIA SPA (ex TOSCANA GAS SPA);GRANUCCIO OSPEDALETTO;;impianto di riduzione gas metano;120
PI;PISA;saint gobain;VIA AURELIA;;SITO DISMESSO;
PI;PISA;MISSIONARIE GESU' BAMBINO;VIA PISTOLESI;2;Luogo di culto;3295
PI;PISA;depot camp darby;VIA PISORNO;;SITO DISMESSO;
PI;PISA;TOSCANA ENERGIA SPA (ex TOSCANA GAS SPA);GRAZIA DELEDDA SAN PIERO A GRADO;;impianto di riduzione gas metano;200
PI;PISA;TOSCANA ENERGIA SPA (ex TOSCANA GAS SPA);PIERIN DEL VAGA;;impianto di riduzione gas metano;480
PI;PISA;REGIONE TOSCANA GENIO CIVILE;PIAZZA DEI CAVALIERI;8;Ufficio aperto al pubblico;1945
PI;PISA;TOSCANA ENERGIA SPA (ex TOSCANA GAS SPA);PISA;;impianto di riduzione gas metano;50
PI;POMARANCE;Comune Pomarance;VIALE DI GALLERONE;;Impianto sportivo;1200
PI;POMARANCE;ENTE Pubblico Comune;VIA MARIO BARDINI;36;Scuola;1000
PI;POMARANCE;ENEL - Unit‡ territoriale di Larderello;gabbro6/1;;IMPIANTO GEOTERMIA;
PI;POMARANCE;ENEL - Unit‡ territoriale di Larderello;pozzo min. 2;;IMPIANTO GEOTERMIA;
PI;POMARANCE;ENEL - Unit‡ territoriale di Larderello;pozzo bulera 4;;IMPIANTO GEOTERMIA;
PI;POMARANCE;ENEL - Unit‡ territoriale di Larderello;coll. 85;;IMPIANTO GEOTERMIA;
PI;POMARANCE;ENEL - Unit‡ territoriale di Larderello;pozzo sper. 2LL;;IMPIANTO GEOTERMIA;
PI;POMARANCE;ENEL - Unit‡ territoriale di Larderello;gabbro6/2;;IMPIANTO GEOTERMIA;
PI;POMARANCE;ENEL - Unit‡ territoriale di Larderello;by-pass coll.cerri;;IMPIANTO GEOTERMIA;
PI;POMARANCE;ENEL - Unit‡ territoriale di Larderello;imm. Gabbro6-C.le;;IMPIANTO GEOTERMIA;
PI;POMARANCE;ENEL - Unit‡ territoriale di Larderello;collettrice 4;;IMPIANTO GEOTERMIA;
PI;POMARANCE;ENEL - Unit‡ territoriale di Larderello;coll. 1;;IMPIANTO GEOTERMIA;
PI;POMARANCE;ENEL - Unit‡ territoriale di Larderello;gabbro3;;IMPIANTO GEOTERMIA;
PI;POMARANCE;ENEL - Unit‡ territoriale di Larderello;pozzo poggetto;;IMPIANTO GEOTERMIA;
PI;POMARANCE;ENEL - Unit‡ territoriale di Larderello;coll. BP lard2;;IMPIANTO GEOTERMIA;
PI;POMARANCE;ENEL - Unit‡ territoriale di Larderello;coll. bassa pressione;;IMPIANTO GEOTERMIA;
PI;POMARANCE;ENEL - Unit‡ territoriale di Larderello;pozzo sper. 1/LL;;IMPIANTO GEOTERMIA;
PI;POMARANCE;ENEL - Unit‡ territoriale di Larderello;pozzo 57;;IMPIANTO GEOTERMIA;
PI;POMARANCE;Enel - Unit‡ territoriale di Lago;Lago 6 - Nodo 8;;IMPIANTO GEOTERMIA;
PI;POMARANCE;ENEL - Unit‡ territoriale di Larderello;molinetto 2;;IMPIANTO GEOTERMIA;
PI;POMARANCE;Enel - Unit‡ territoriale di Lago;Vignacce - Nodo 31;;IMPIANTO GEOTERMIA;
PI;POMARANCE;Enel - Unit‡ territoriale di Lago;Nodo 45 - C.le lag. Rossi;;IMPIANTO GEOTERMIA;
PI;POMARANCE;Enel - Unit‡ territoriale di Lago;LR/A - Nodo 44;;IMPIANTO GEOTERMIA;
PI;POMARANCE;Enel - Unit‡ territoriale di Lago;Nodo 41 - Nodo 42;;IMPIANTO GEOTERMIA;
PI;POMARANCE;ENEL - Unit‡ territoriale di Larderello;gabbro9;;IMPIANTO GEOTERMIA;
PI;POMARANCE;Enel - Unit‡ territoriale di Lago;Pozzaie 2 - N. 31;;IMPIANTO GEOTERMIA;
PI;POMARANCE;Enel - Unit‡ territoriale di Lago;LR/B - Nodo 45;;IMPIANTO GEOTERMIA;
PI;POMARANCE;ENEL - Unit‡ territoriale di Larderello;molinetto 1;;IMPIANTO GEOTERMIA;
PI;POMARANCE;Enel - Unit‡ territoriale di Lago;LR/B - Nodo 45;;IMPIANTO GEOTERMIA;
PI;POMARANCE;Enel - Unit‡ territoriale di Lago;Scarzai 3 - Nodo 39;;IMPIANTO GEOTERMIA;
PI;POMARANCE;Enel - Unit‡ territoriale di Lago;Nodo 43 - Nodo 44;;IMPIANTO GEOTERMIA;
PI;POMARANCE;Enel - Unit‡ territoriale di Lago;Bagnolo LR - Nodo 43;;IMPIANTO GEOTERMIA;
PI;POMARANCE;Enel - Unit‡ territoriale di Lago;Nodo 42 - Nodo 43;;IMPIANTO GEOTERMIA;
PI;POMARANCE;Enel - Unit‡ territoriale di Lago;Meli 2 - Nodo 41;;IMPIANTO GEOTERMIA;
PI;POMARANCE;Enel - Unit‡ territoriale di Lago;Nodo 40 - Nodo 41;;IMPIANTO GEOTERMIA;
PI;POMARANCE;Enel - Unit‡ territoriale di Lago;Nodo 39 - Nodo 40;;IMPIANTO GEOTERMIA;
PI;POMARANCE;ENEL - Unit‡ territoriale di Larderello;S. Andrea5;;IMPIANTO GEOTERMIA;
PI;POMARANCE;ENEL - Unit‡ territoriale di Larderello;v113;;IMPIANTO GEOTERMIA;
PI;POMARANCE;Enel - Unit‡ territoriale di Lago;Cioccaia - Nodo 31;;IMPIANTO GEOTERMIA;
PI;POMARANCE;ENEL - Unit‡ territoriale di Larderello;immis. molinetto2-c.le1;;IMPIANTO GEOTERMIA;
PI;POMARANCE;ENEL - Unit‡ territoriale di Larderello;v141;;IMPIANTO GEOTERMIA;
PI;POMARANCE;ENEL - Unit‡ territoriale di Larderello;immis. molinetto2-c.le2;;IMPIANTO GEOTERMIA;
PI;POMARANCE;Enel - Unit‡ territoriale di Lago;Scarzai 1 - Nodo 39;;IMPIANTO GEOTERMIA;
PI;POMARANCE;Enel - Unit‡ territoriale di Lago;Meli 1 - Nodo 40;;IMPIANTO GEOTERMIA;
PI;POMARANCE;COMPAGNIA PISANA TRASPORTI;VIA DI POSSERA - LARDERELLO;;officina riparazione bus;350
PI;POMARANCE;Enel - Unit‡ territoriale di Lago;Nodo 44 - Nodo 45;;IMPIANTO GEOTERMIA;
PI;PONSACCO;POSTE ITALIANE S.p.A.;VIA ROSPICCIANO;17/19;Ufficio aperto al pubblico;272
PI;PONSACCO;TOSCANA ENERGIA SPA (ex TOSCANA GAS SPA);VECCHIA PONTEDERESE;;impianto di riduzione gas metano;105
PI;PONTEDERA;ISTITUTO MAGISTRALE E. MONTALE;VIA SALCIOLI;1;Istituto statale;0
PI;PONTEDERA;IMPIANTI SPORTIVI: CAMPO SPORTIVO COMUNALE;PESCINE-I FABBRI;;Impianto sportivo;100
PI;PONTEDERA;COMUNE DI PONTEDERA TUTELA AMBIENTALE;VIALE AMERICA;2;Magazzino;400
PI;PONTEDERA;SCUOLA MATERNA;FILIPPO CORRIDONI;3;Scuola;552
PI;PONTEDERA;IMPIANTI SPORTIVI: IMPIANTO DI CANOTTAGGIO;BOLOGNA;;Impianto sportivo;150
PI;PONTEDERA;IMPIANTI SPORTIVI: PALESTRA SCUOLA IL ROMITO;U.DINI-IL ROMITO;;Scuola;1300
PI;PONTEDERA;COMPAGNIA CARABINIERI;CASTELLI;30;caserma carabinieri;0
PI;PONTEDERA;IMPIANTI SPORTIVI: PALESTRA COMUNALE ESPERIA;ZARA-LA ROTTA;;Impianto sportivo;300
PI;PONTEDERA;COMUNE DI PONTEDERA;PIAZZA GARIBALDI FRAZ. LA ROTTA;7;Ospedale/Casa di cura;200
PI;RIPARBELLA;COMUNE DI RIPARBELLA SCUOLA MEDIA STATALE;A. GRAMSCI;4;Scuola;400
PI;RIPARBELLA;COMUNE DI RIPARBELLA;CIMITERO VECCHIO;;Autorimessa;200
PI;RIPARBELLA;GIARDINO UFFICI AZIENDALI;PORCARECCE;;tettoia;30
PI;RIPARBELLA;POSTE ITALIANE S.p.A.;VIA MADONNA;5;Ufficio aperto al pubblico;47
PI;SAN GIULIANO TERME;POSTE ITALIANE S.p.A.;VIA VERRI;1;Ufficio aperto al pubblico;272
PI;SAN GIULIANO TERME;SAS LA CARBONAIA DI DE VEROLI & C.;MEZZANA- VIA XXV APRILE;45;circolo culturale;200
PI;SAN GIULIANO TERME;SCUOLA MEDIA PONTASSERCHIO;S. ANTONIO PONTASSERCHIO;3;Scuola;1600
PI;SAN GIULIANO TERME;TOSCANA ENERGIA SPA (ex TOSCANA GAS SPA);DON L. STURZO;;impianto di riduzione gas metano;70
PI;SAN GIULIANO TERME;ELEMENTARE GHEZZANO;VIA MACHIAVELLI, GHEZZANO;57;Scuola;1400
PI;SAN GIULIANO TERME;SAN GIULIANO SRL;via del molino;16;IMPIANTO INDUSTRIALE;
PI;SAN MINIATO;POSTE ITALIANE S.p.A.;VIA GOLDONI;2;Ufficio aperto al pubblico;180
PI;SAN MINIATO;POSTE ITALIANE S.p.A.;VIA DELLA GIOVENTù;6/8;Ufficio aperto al pubblico;272
PI;SAN MINIATO;TOSCANA ENERGIA SPA (ex TOSCANA GAS SPA);G.MARCONI;;impianto di riduzione gas metano;130
PI;SAN MINIATO;TOSCANA ENERGIA SPA (ex TOSCANA GAS SPA);ROMAIANO SAN DONATO;;impianto di riduzione gas metano;360
PI;SANTA CROCE SULL'ARNO;POSTE ITALIANE S.p.A.;VIA COPERNICO;7/9;Ufficio aperto al pubblico;856
PI;SANTA CROCE SULL'ARNO;ASSOCIAZIONE CONCIATORI SOCIETA' COOPERATIVA;AMENDOLA;5;caserma carabinieri;500
PI;SANTA CROCE SULL'ARNO;ATTIVITA' ESPRESSIVE ATTIVITA' CULTURALI;CRISTIANO BANTI;1;casa di riposo;488
PI;SANTA CROCE SULL'ARNO;ATTIVITA' ESPRESSIVE ATTIVITA' CULTURALI;PISACANE;15;Scuola;45
PI;SANTA CROCE SULL'ARNO;ATTIVITA' ESPRESSIVE ATTIVITA' CULTURALI;MILANO STAFFOLI;;Impianto sportivo;736
PI;SANTA CROCE SULL'ARNO;Comune di Santa Croce sull'Arno;via Cristiano BAnti;1;Ospedale/Casa di cura;0
PI;SANTA CROCE SULL'ARNO;ATTIVITA' ESPRESSIVE ATTIVITA' CULTURALI;COPERNICO;5/E;Scuola;380
PI;SANTA CROCE SULL'ARNO;AUTOLINEE SEQUI SAS;VIA PACINOTTI;28/30;Autorimessa;645
PI;SANTA MARIA A MONTE;POSTE ITALIANE S.p.A.;VIA 10 MAGGIO;58;Ufficio aperto al pubblico;102
PI;TERRICCIOLA;PARROCCHIA DI SAN DONATO;VIA ROMA;1;Luogo di culto;100
PI;TERRICCIOLA;COMUNE DI TERRICCIOLA;ROMA;55-63;Condominio;502
PI;TERRICCIOLA;COMUNE DI TERRICCIOLA;PROV. LE TERRICCIOLESE;1;Magazzino;564
PI;VECCHIANO;AZIENDA USL5 - PISA;VIA ROMA;;Ospedale/Casa di cura;472
PI;VICOPISANO;IMPIANTI SPORTIVI: CIRCOLO ACLI;ORSINI;55;circolo ricreativo;196
PI;VOLTERRA;CARDUCCI;VIALE TRENTO E TRIESTE;26;Scuola;0
PT;AGLIANA;POSTE ITALIANE S.p.A.;VIA GIUSEPPE MAZZINI;11;Ufficio aperto al pubblico;340
PT;CHIESINA UZZANESE;POSTE ITALIANE S.p.A.;VIA FILIPPO TURATI;6;Ufficio aperto al pubblico;177
PT;CHIESINA UZZANESE;BANCA DI CREDITO COOPERATIVO DI ALBERGHI;VIA G. GARIBALDI;19;Ufficio aperto al pubblico;210
PT;CHIESINA UZZANESE;IMPIANTI SPORTIVI: ARABESQUE;LIVORNESE DI SOTTO;27;scuola di danza;0
PT;CUTIGLIANO;COMUNE DI CUTIGLIANO DEPOSITO AUTOMEZZI;BRENNERO;;Magazzino;350
PT;LAMPORECCHIO;SCUOLA MATERNA MASTROMARCO;P.ZZA LA MARMORA;1;Scuola;0
PT;LAMPORECCHIO;SCUOLA MATERNA MASTROMARCO;VIA L. DA VINCI;88;Scuola;0
PT;LAMPORECCHIO;SCUOLA MATERNA MASTROMARCO;PIAZZA F. BERNI;1;SEDE COMUNE;0
PT;LARCIANO;POSTE ITALIANE S.p.A.;VIA PUCCINI;57;Ufficio aperto al pubblico;276
PT;MARLIANA;IMPIANTI SPORTIVI: PALESTRA COMUNALE MARLIANA;DELLE LOMBARDINE;;palestra comunale;500
PT;MASSA E COZZILE;POSTE ITALIANE S.p.A.;PIAZZA VIII MARZO;1;Ufficio aperto al pubblico;210
PT;MONSUMMANO TERME;COMUNE DI MONSUMMANO TE ME;VIA LORENZO VENTAVOLI;3;Ufficio aperto al pubblico;0
PT;MONSUMMANO TERME;COMUNE DI MONSUMMANO TERME;VIA ROMANI SERENO;17;cimitero;0
PT;MONSUMMANO TERME;VALDINIEVOLE;VIA CELIO BOTTAI;8;sala giochi;1600
PT;MONSUMMANO TERME;PASCHI GESTIONI IMMOBILIARI SpA;PIAZZA MARTINI FERDINANDO;8;Ufficio aperto al pubblico;0
PT;MONTALE;COMUNE DI MONTALE;VIA I MAGGIO;52;Magazzino;240
PT;MONTALE;COMUNE DI MONTALE;ANTONIO PACINOTTI;36;Scuola;604
PT;MONTALE;COMUNE DI MONTALE;VIA A. GRAMSCI;19;Ufficio aperto al pubblico;1200
PT;MONTALE;COMUNE DI MONTALE;GASPARE LUIGI SPONTINI;48;Spazio culturale;389
PT;MONTALE;COMUNE DI MONTALE;VIA A. PACINOTTI;44;Scuola;589
PT;MONTECATINI-TERME;CASA DI RIPOSO SAN FRANCESCO;VIA A. FARINATI;11;casa di riposo;700
PT;MONTECATINI-TERME;DOMINI;MARRUOTA;107;Impianto sportivo;300
PT;PESCIA;ISTITUTO MAGISTRALE C. LORENZINI;SISMONDI;7;Scuola;0
PT;PESCIA;POSTE ITALIANE S.p.A.;VIA DELLE ROSE;26;Ufficio aperto al pubblico;276
PT;PESCIA;ISTITUTO MAGISTRALE C. LORENZINI;PIAZZA LEONARDO DA VINCI;12;Scuola;0
PT;PESCIA;SAINT GOBAIN VETRI SPA;VIA CONFINE MONTECARLO;11;IMPIANTO INDUSTRIALE;
PT;PESCIA;SAINT GOBAIN VETRI SPA;VIA CONFINE MONTECARLO;11;IMPIANTO INDUSTRIALE;
PT;PESCIA;SCA HYGIENE PRODUCTS SPA;via delle Cartiere;13;IMPIANTO INDUSTRIALE;
PT;PESCIA;BIBLIOTECA DEL CONVENTO DI COLLEVITI;VIA DEI COLLEVITI;33;comunita';5000
PT;PESCIA;SAINT GOBAIN VETRI SPA;CONFINE MONTECARLO;11;IMPIANTO INDUSTRIALE;
PT;PESCIA;SAINT GOBAIN VETRI SPA;CONFINE MONTECARLO;11;IMPIANTO INDUSTRIALE;
PT;PESCIA;SAINT GOBAIN VETRI SPA;CONFINE MONTECARLO;11;IMPIANTO INDUSTRIALE;
PT;PIEVE A NIEVOLE;ACCOGLIENZA BETANIA;VIA MARTIRI DEL PADULE;;locali parrocchiali;300
PT;PIEVE A NIEVOLE;Comun Pieve a Nievole;VIA MARCONI;271;Ufficio aperto al pubblico;250
PT;PIEVE A NIEVOLE;DANZA;VIA DON MINZONI;19;DANZA,TEATRO,MUSICA;320
PT;PIEVE A NIEVOLE;FANCIULLACCI;COSIMINI;22;Impianto sportivo;900
PT;PISTOIA;EINAUDI DESTINAZIONE D'USO: SCUOLA;PACINOTTI;11;Scuola;0
PT;PISTOIA;ENTE PUBBLICO;VIA ROSSI;23;Scuola;503
PT;PISTOIA;IMPIANTI SPORTIVI: STADIO COMUNALE;DELLO STADIO;1;Impianto sportivo;1700
PT;PISTOIA;PUBLIAMBIENTE;VIA TOSCANA;259;;4500
PT;PISTOIA;area ex breda est2;VIA DELLE CILIEGIOLE;;SITO DISMESSO;
PT;PISTOIA;IMPIANTI SPORTIVI: CAMPO DI CALCIO E.TURCHI;DI VALDIBRANA;;Impianto sportivo;90
PT;PISTOIA;arpat;DEI BARONI;18;edificio per uffici e laboratori;0
PT;PISTOIA;TOSCANA ENERGIA SPA (ex TOSCANA GAS SPA);DELLA CASTAGNOLA;;impianto di riduzione gas metano;70
PT;PISTOIA;TOSCANA ENERGIA SPA (ex TOSCANA GAS SPA);CILIEGIOLE CAMPO DI VOLO;;impianto di riduzione gas metano;122
PT;PISTOIA;TOSCANA ENERGIA SPA (ex TOSCANA GAS SPA);ROMITO E SERPE;;impianto di riduzione di gas metano;130
PT;PONTE BUGGIANESE;PASCHI GESTIONI IMMOBILIARI SpA;VIA LIBERTA';61;Ufficio aperto al pubblico;0
PT;QUARRATA;POSTE ITALIANE S.p.A.;VIA SELVA;350;Ufficio aperto al pubblico;125
PT;SAMBUCA PISTOIESE;STAZIONE CARABINIERI;PAVANA;38;caserma carabinieri;618
PT;SAMBUCA PISTOIESE;UFFICIO TERRITORIALE PER LA BIODIVERSITA';VIA MONACHINO;12;area con fabbricati dismessi;0
PT;SAN MARCELLO PISTOIESE;STAZIONE CARABINIERI;VIALE LUIGI ORLANDO;83;CASERMA CARABINIERI;452
PT;SERRAVALLE PISTOIESE;PASCHI GESTIONI IMMOBILIARI SpA;CASALGUIDI;5;Ufficio aperto al pubblico;0
PO;CANTAGALLO;PARROCCHIA DI USELLA;PIAZZA DELLA PIEVE;5;Cinema/teatro/spettacoli;450
PO;CANTAGALLO;PARROCCHIA SANTA CATERINA;VIA BOLOGNA;285;Scuola;796
PO;CARMIGNANO;COMUNE DI POGGIO A CAIANO MAGAZZINO COMUNALE;VIA DEL GRANAIO;1;Magazzino;0
PO;MONTEMURLO;COMUNE DI MONTEMURLO;TOSCANINI;1;Ufficio aperto al pubblico;1800
PO;MONTEMURLO;COMUNE DI MONTEMURLO;FRATELLI ROSSELLI;;Impianto sportivo;0
PO;PRATO;POSTE ITALIANE S.p.A.;VIA ALIGHIERO DA BELLINCIONE;15;Ufficio aperto al pubblico;231
PO;PRATO;FIDIAS MANIFATTURE TESSILI S.P.A.;via Gestri;4/6;IMPIANTO INDUSTRIALE;
PO;PRATO;IMPIANTI SPORTIVI: CAMPO SPORTIVO G.SCIREA;TIRSO;7;spogliatoi;14
PO;PRATO;Tintoria Lux srl;via del Molinuzzo;10;IMPIANTO INDUSTRIALE GEN;
PO;PRATO;SRL;VIA GALCIANESE;34;Capannone industriale;1250
PO;PRATO;BESTE SPA;VIA DEL LAZZERETTO;109;IMPIANTO INDUSTRIALE;
PO;PRATO;RIFINIZIONE ALAN SPA;Via Toscana;14;IMPIANTO INDUSTRIALE;
PO;PRATO;SEZIONE DELLA CIRCOSCRIZIONE PRATO NORD;viale Piave;;Ufficio aperto al pubblico;5000
PO;PRATO;EUROTINTORIA S.P.A.;via dei Fossi;14;IMPIANTO INDUSTRIALE;
PO;PRATO;JERSEY MODE S.P.A;delle Fonti;384/b;IMPIANTO INDUSTRIALE;
PO;PRATO;Tintoria Silli SPA;Via Galcianese;23;IMPIANTO INDUSTRIALE GEN;
PO;PRATO;BANCA BIPOP CARIRE;PIAZZA S. ANTONIO;1;Ufficio;0
PO;VERNIO;IMPIANTI SPORTIVI: MIDAS PALESTRA;VIA ROMA;183;Impianto sportivo;547
SI;ABBADIA SAN SALVATORE;eni spa divisione agip;VIA F. HAMMAN;;SITO DISMESSO;
SI;ABBADIA SAN SALVATORE;GEOMETRI;VIA DELLE CASE NUOVE;27;Scuola;0
SI;ABBADIA SAN SALVATORE;PASCHI GESTIONI IMMOBILIARI SpA;VIA TRENTO;23;Ufficio aperto al pubblico;0
SI;ASCIANO;POSTE ITALIANE S.p.A.;VIA ROMA;76;Ufficio aperto al pubblico;205
SI;ASCIANO;COMUNE DI ASCIANO;VIA SANT'AGATA;;Magazzino;700
SI;ASCIANO;COMUNE DI ASCIANO;ARBIA;;Magazzino;200
SI;ASCIANO;BANCASCIANO CREDITO COOPERATIVO SOC COOP;GIARDINO;;Magazzino;255
SI;BUONCONVENTO;POSTE ITALIANE S.p.A.;VIA BIBBIANO;;Ufficio aperto al pubblico;205
SI;CASOLE D'ELSA;casa maver costruzioni di venier mauro;LOCALITA' IL MERLO;;SITO DISMESSO;
SI;CASTELLINA IN CHIANTI;POSTE ITALIANE S.p.A.;VIA CHIANTIGIANA;13;Ufficio aperto al pubblico;133
SI;CHIANCIANO TERME;POSTE ITALIANE S.p.A.;PIAZZA ITALIA;19;Ufficio aperto al pubblico;592
SI;CHIANCIANO TERME;SCUOLA ELEMENTARE;DANTE;33;Scuola;3611
SI;CHIUSDINO;COMUNE DI CHIUSDINO;PIAZZA DEL PLEBISCITO;2;Ufficio aperto al pubblico;150
SI;CHIUSDINO;COMUNE DI CHIUSDINO;PIAZZA MATTEOTTI;;Scuola;330
SI;CHIUSDINO;COMUNE DI CHIUSDINO;PALAZZETTO;;ex scuola;160
SI;CHIUSDINO;COMUNE DI CHIUSDINO;LIDO SANTINI;12;tettoia;30
SI;CHIUSDINO;COMUNE DI CHIUSDINO;LE VENE;;Capannone industriale;370
SI;CHIUSDINO;PASCHI GESTIONI IMMOBILIARI SpA;PIAZZA GIACOMO MATTEOTTI;32;Ufficio aperto al pubblico;0
SI;CHIUSI;POSTE ITALIANE S.p.A.;VIA MAZZINI;3;Ufficio aperto al pubblico;366
SI;COLLE DI VAL D'ELSA;MUSEO CIVICO E DIOCESANO D`ARTE SACRA;VIA DEL CASTELLO;31;SOTTOTETTO;0
SI;COLLE DI VAL D'ELSA;new colle srl;VIA MASSON/VIA LIVINI;;SITO DISMESSO;
SI;COLLE DI VAL D'ELSA;ECOLOGICA;STRADA DELLE LELLERE;2;Capannone industriale;0
SI;COLLE DI VAL D'ELSA;COMUNE DI COLLE DI VAL D'ELSA;F. CAMPANA;18;Ufficio aperto al pubblico;0
SI;COLLE DI VAL D'ELSA;STATO;VIALE DEI MILLE;8;Caserma;630
SI;COLLE DI VAL D'ELSA;COMUNE DI COLLE DI VAL D'ELSA;VIA F. CAMPANA;18;SOTTOTETTO;0
SI;COLLE DI VAL D'ELSA;COMUNE DI COLLE DI VAL D'ELSA;VIA F. CAMPANA;18;CENTRALE TERMICA;0
SI;MONTEPULCIANO;PASCHI GESTIONI IMMOBILIARI;PIAZZA MICHELOZZO;2;Ufficio aperto al pubblico;0
SI;MONTERIGGIONI;POSTE ITALIANE S.p.A.;STRADA PROVINCIALE COLLIGIANA;4;Ufficio aperto al pubblico;125
SI;MONTERIGGIONI;POSTE ITALIANE S.p.A.;VIA G.B. COCCONI;;Ufficio aperto al pubblico;133
SI;MONTERIGGIONI;INDUSTRIE FONDERIE VALDESANE SRL;strada di Gabbricce;6;IMPIANTO INDUSTRIALE;
SI;MONTERONI D'ARBIA;POSTE ITALIANE S.p.A.;KENNEDY;2;Ufficio aperto al pubblico;205
SI;MONTERONI D'ARBIA;IMPIANTI SPORTIVI: COMPLESSO SPORTIVO;SAN GIUSTO;199;Cinema/teatro/spettacoli;1300
SI;MONTICIANO;PASCHI GESTIONI IMMOBILIARI SpA;VIA AGOSTINO BARAZZUOLI;11;Ufficio aperto al pubblico;0
SI;PIANCASTAGNAIO;ENEL - Unit√  territoriale di Piancastagnaio (SI);PC8-PC2;;IMPIANTO GEOTERMIA;
SI;PIENZA;bottega verde srl;km 35,5 ss146;;SITO DISMESSO;
SI;POGGIBONSI;IMPIANTI SPORTIVI: CAMPO SPORTIVO VIRTUS;SAN GIMIGNANO;;Impianto sportivo;65
SI;POGGIBONSI;COMUNE DI POGGIBONSI;CIMITERO COMUNALE;;cimitero;667
SI;POGGIBONSI;COMUNE DI POGGIBONSI;LEOPARDI;;Magazzino;3300
SI;POGGIBONSI;LE PIAGGIOLE SRL;Le Piaggiole;3;IMPIANTO INDUSTRIALE;
SI;POGGIBONSI;PASCHI GESTIONI IMMOBILIARI;LARGO USILIA;8;Ufficio aperto al pubblico;1200
SI;RADDA IN CHIANTI;POSTE ITALIANE S.p.A.;CIRCONVALLAZIONE SANTA MARIA;;Ufficio aperto al pubblico;125
SI;RADDA IN CHIANTI;STATO;CORCE DI SOPRA;14;alloggi servizio;1
SI;RADICONDOLI;ENEL - Unit√  territoriale di Piancastagnaio (SI);PC7/PC25-PC2;;IMPIANTO GEOTERMIA;
SI;RADICONDOLI;ENEL - Unit√  territoriale di Piancastagnaio (SI);N1-N2;;IMPIANTO GEOTERMIA;
SI;RADICONDOLI;ENEL - Unit√  territoriale di Piancastagnaio (SI);Radicondoli9-N2;;IMPIANTO GEOTERMIA;
SI;RADICONDOLI;ENEL - Unit√  territoriale di Piancastagnaio (SI);Travale23-N20;;IMPIANTO GEOTERMIA;
SI;RADICONDOLI;ENEL - Unit√  territoriale di Piancastagnaio (SI);Travale 23D - N1;;IMPIANTO GEOTERMIA;
SI;RADICONDOLI;ENEL - Unit√  territoriale di Piancastagnaio (SI);N18-N20;;IMPIANTO GEOTERMIA;
SI;RADICONDOLI;ENEL - Unit√  territoriale di Piancastagnaio (SI);N2 - C.le Radicondoli;;IMPIANTO GEOTERMIA;
SI;RADICONDOLI;ENEL - Unit√  territoriale di Piancastagnaio (SI);N5-N4;;IMPIANTO GEOTERMIA;
SI;RADICONDOLI;ENEL - Unit√  territoriale di Piancastagnaio (SI);N18-N19;;IMPIANTO GEOTERMIA;
SI;RADICONDOLI;ENEL - Unit√  territoriale di Piancastagnaio (SI);N20-N21;;IMPIANTO GEOTERMIA;
SI;RADICONDOLI;ENEL - Unit√  territoriale di Piancastagnaio (SI);Radicondoli20-N15;;IMPIANTO GEOTERMIA;
SI;RADICONDOLI;ENEL - Unit√  territoriale di Piancastagnaio (SI);Radicondoli15-N16;;IMPIANTO GEOTERMIA;
SI;RADICONDOLI;ENEL - Unit√  territoriale di Piancastagnaio (SI);Radicondoli18-N18;;IMPIANTO GEOTERMIA;
SI;RADICONDOLI;ENEL - Unit√  territoriale di Piancastagnaio (SI);N5-N6;;IMPIANTO GEOTERMIA;
SI;RADICONDOLI;ENEL - Unit√  territoriale di Piancastagnaio (SI);N8-VV101-C.Pianacce;;IMPIANTO GEOTERMIA;
SI;SAN CASCIANO DEI BAGNI;FORNACE S.I.L.M.A. SPA;S. S. Cassia;km148;IMPIANTO INDUSTRIALE;
SI;SAN GIOVANNI D'ASSO;giuntini ascanio;LOC. AMPELLA;;SITO DISMESSO;
SI;SAN GIOVANNI D'ASSO;PASCHI GESTIONI IMMOBILIARI SpA;VIA XX SETTEMBRE;1;Ufficio aperto al pubblico;0
SI;SAN QUIRICO D'ORCIA;COTTO SENESE SPA SOCIETA' FABBRICA DI LATERIZI;Via Fornaci;55/A;IMPIANTO INDUSTRIALE;
SI;SARTEANO;POSTE ITALIANE S.p.A.;VIA DI FUORI;15;Ufficio aperto al pubblico;125
SI;SIENA;IMPIANTI SPORTIVI: CIRCOLO ARCI SANT'ANDREA;STRADA GROSSETANA;55;Circolo ricreativo e sede partito politi;10000
SI;SIENA;IMPIANTI SPORTIVI: CIRCOLO ARCI SANT'ANDREA;STRADA GROSSETANA;55;Circolo ricreativo e sede partito politi;10000
SI;SIENA;SCALA;PIAZZA DUOMO;1;complesso museale;35000
SI;SIENA;PASCHI GESTIONI IMMOBILIARI SpA;VIA SETTANO QUINTO;15;Ufficio aperto al pubblico;0
SI;SIENA;PASCHI GESTIONI IMMOBILIARI SpA;PIAZZA SALIMBENI;3;Ufficio aperto al pubblico;0
SI;SIENA;PASCHI GESTIONI IMMOBILIARI SpA;VIA CAMOLLIA;85;Ufficio aperto al pubblico;0
SI;SIENA;LARNIANO;STRADA DI PRESCIANO;52;essiccatoio;225
SI;SINALUNGA;POSTE ITALIANE S.p.A.;PIAZZA DEL POPOLO;;Ufficio aperto al pubblico;125
SI;SINALUNGA;POSTE ITALIANE S.p.A.;VIA PIAVE;1;Ufficio aperto al pubblico;276
SI;SINALUNGA;POSTE ITALIANE S.p.A.;VIA GIORGIO VASARI;3;Ufficio aperto al pubblico;314
SI;SINALUNGA;LA FERROVIARIA ITALIANA SPA SERVICE srl;VIA ALFIERI;23;Autorimessa;3537
SI;SOVICILLE;POSTE ITALIANE S.p.A.;VIA NUOVA;60;Ufficio aperto al pubblico;125
SI;SOVICILLE;COMUNE DI SOVICILLE;VIA DELLA MURATA - ROSIA;;Scuola;375
SI;SOVICILLE;COMUNE DI SOVICILLE;VIA DEL POGGIO - SAN ROCCO A PILLI;;Scuola;1100
SI;SOVICILLE;COMUNE DI SOVICILLE;ZONA INDUSTRIALE LA MACCHIA;;Autorimessa;1216
SI;SOVICILLE;COMUNE DI SOVICILLE;VIA DEI NOCINI - SOVICILLE;;Magazzino;76
SI;SOVICILLE;PASCHI GESTIONI IMMOBILIARI SpA;PIAZZA RUTILIO MANETTI;4;Ufficio aperto al pubblico;0
SI;TORRITA DI SIENA;POSTE ITALIANE S.p.A.;VIA SVIZZERA;1;Ufficio aperto al pubblico;289
